id,predicted_price
2591820310,373723.03
7974200820,806794.56
7701450110,1142947
9522300010,1838859.1
9510861140,711250.56
1761300310,252999.56
7732410120,757403.94
7010701383,615985.3
291310170,424554.44
4232901990,624326.7
6840701125,591488
3971700580,423722
4202400078,232764.03
6064800090,344332.78
2626119028,214443.92
3303980660,990289.6
862000020,832813.1
2386000070,905280.06
1138000450,361480.4
1775800420,469743.56
2291401425,424052.7
2025770560,965302.8
3525069037,675540.44
9324800450,590670.06
8080400136,534710.5
8651540040,546673.5
9407001790,238096.69
1773101530,180410.17
9432900250,335584.16
1794500695,722309.94
2220069003,357369.22
923000120,506437.25
5728000060,550178.75
16000200,236147.84
1926059094,427286.47
6672900220,1022102.94
3629860060,805943.25
1822069109,397117.62
6675500105,362901.78
249000180,1914746
226059065,495701.16
396100110,253243.12
9264450460,336767.5
7853361210,364704.2
9474700020,277145.03
421000455,274208.66
3755200220,402157.94
7960100075,498838.2
9477100490,423566.47
9138100350,838700
1624049275,443636.53
2770606890,502542.12
1157200189,421688.66
2770601800,526622.44
9301300805,548214.7
2325069032,1090945.6
1021079099,341017.75
7215730040,739068.9
1853200080,426909.72
3224600340,682408
3222049120,400440.34
2113700025,285916.9
7893207925,212175.31
3586501085,567152.5
8024200010,367601.75
7116500705,159076.48
1598600209,305120.72
7204200025,807583.6
4206901505,597605.4
2937300440,892160.8
7205000180,329013.34
8718500665,359182.84
5318101765,1000536.3
4122700020,757815.8
8078700020,534193.7
3303980680,914408.1
8924100372,1234652.9
2781270210,206454.81
519000043,585117.4
3225069301,1508057
151000075,842494.25
2297400020,433200.22
6617500085,658279.3
104510180,246802.73
3528900060,1015432.2
3345100286,559315.75
1226039130,423437.22
8712100720,769439.94
3037200010,413734.84
3626039268,412443.47
104510230,238972.05
5112800060,413272.25
6072400280,628946.75
5317100570,1067887.8
9528102993,548718.4
2919201095,492859.7
6181400920,260675.64
185000161,232927.47
8691400010,780642.06
3345700165,568311.2
6151800486,242951.62
4340000080,1311537.9
4136960010,542174.1
3634100030,286511.7
1624059224,1097644.5
2788400090,253928.25
9828200762,418345.22
7524400250,544388.5
3528000290,718686.06
5700003630,1917865.6
2720069019,288759.1
7227501170,245031.61
2397101270,673793.56
6792100090,739476.4
2770602265,547170.06
3971700937,269373.4
422049203,228259.78
3076500830,301046.72
1423400260,307810.44
9161100795,471573.56
3126049052,511573.47
5100401468,389698.22
514500235,431929.62
1423200170,189394.33
1402100070,390846.06
624110020,710370
2407000145,204191.84
1890000225,825628.7
1320069271,325617.16
5490700085,333866.75
263000155,447328.84
3726800201,430063.56
5153200358,283233.7
2725079018,773203.94
7165700200,241709.44
9429000170,604464.1
8718500075,379283.72
1760650950,325518.75
1068000559,1104746.9
4113800500,654979.8
4077800507,561728.7
2725069150,690182.06
4008400035,644965.56
7016310270,445584.88
1432701230,222487
3278606050,346551.22
2473350710,374482.22
2185000685,131049.945
7792000025,365949.38
6868200029,469156.2
624069003,760474.25
7431500280,809758.44
3296000040,557656.1
1118001215,1512338.9
6453900040,716818.75
333100209,734222.2
34001765,621814.94
8946700100,383932.12
5561401210,567060.56
6671900095,369209.84
3275850020,749320.6
3876300600,390165.28
1450900020,270761.1
8562780280,320791.6
7663700973,313237.94
2126049032,357165.12
1823059159,172288.03
3438503426,305203.97
9297301495,568899
7140700850,382415.62
7942601805,742219.8
2555900030,328144.4
2887970040,270554.62
7419700010,608920.94
2239000011,375588.47
9283800050,322321.5
9407001340,272680.5
217500140,552876.5
7212660520,236678.81
3298201170,328927.7
3057000400,283735.72
6865200444,464120.38
6071600340,505665.06
6821600005,760435.8
1235100371,719249.7
7796450340,358494.66
3603000410,153868.02
9297300255,488220.38
9126100850,542872.56
2770601462,518707.2
2599001500,214048.97
1102000095,726037.25
1853080640,917267.6
9551201585,984907.94
3438500796,335637.94
7518504291,490935.38
9269200340,456937.06
715010130,1418993.9
1982201485,601499.1
9526500080,394636.84
9277200180,516020.66
6669150280,298458.22
8917100153,581857.6
3760500516,1037951.25
2725069050,865450.3
3332000091,376527.38
8562770080,583857.6
8151601190,263877.97
8563040160,600918.94
240000269,544457.56
4307350200,328154.44
1311910300,258232
3574900030,543629
7853230570,429229.3
320069049,313558.34
9839301060,687658.5
7011201333,611951.06
2781320100,265763
3421069120,456568.12
7852030320,491708.03
5316101075,1936889.6
5309100750,561077.7
629000730,725908.44
511700170,314220.22
1562100030,525187.06
2489200230,623152.44
524069116,488132.84
5315100737,1028618.44
1868900675,853960.7
1608000120,349270.6
705700240,349625.2
7575600610,266660.72
1778500015,719996.4
5423500240,195018
6713700025,328596.94
2734100734,289296.88
301402280,197442.38
2113700205,274200.28
4114601570,3910927.2
3332000615,310557.94
3630050180,352461.44
6852700520,585015.25
6870310010,661914.2
6163900981,292593.97
393000142,405277.7
1771100130,359001.34
1442860160,385274.2
9191200435,566927.56
6788200800,963234.6
1115300070,669622.7
3176600105,726719.56
2770604665,598178.4
5469500580,388946.38
5680000545,432898.72
3424089119,566337.44
1328300180,327196.3
1773100922,354944.4
4123830480,319786.03
9808610190,883361.8
4250200140,273652.47
4217402115,4461625.5
3831250350,385343.28
2397101055,837987.7
6817850110,834632.3
7526800200,595712.25
7853370100,648139.2
2523089025,934833
9476200680,275370.34
5714200140,398682.94
3575304895,546864.9
263000018,384109.38
8080400177,509933.44
6450304130,300972.94
514500090,560021.3
9477000300,433148.16
853600310,1342309.8
1951600240,199479.81
1099900120,335594.4
5323100120,535934.25
1223089016,459273.94
522059172,232940.34
1930300190,712662.2
9542840410,305407.2
8665050530,513465.53
5592900205,399140.97
5450300010,705412.8
2459960030,339067.16
3331500455,510177.62
3432500705,412948.03
3702900165,340227.1
5249803550,600438.9
626049058,466179.6
1788900380,178397.97
8075400360,227638.27
9113200250,812465
2738640040,650945.3
7821200307,492731.84
3530440140,258943.2
3582700130,467126.16
9276200569,670445.1
7197800020,645588.3
686200490,525644
3501600100,409491.06
6383000690,646785.7
7604400150,365060.88
5249801411,758556.2
2607720420,427391.22
9561100010,372731.38
1796370590,261365.67
4077800593,380470.16
854000165,235167.75
5536100010,787916.56
4188000670,749397.06
31000165,1429347.4
662350050,907276.56
4137000280,267200.4
6169901130,1074196
1953400510,267056.47
7518506716,1013644.1
1552520010,358494.3
7955080270,304768.84
9212900100,564911.75
3438500798,303292.72
7899800890,214568.1
4319200605,520634.06
1329300480,354359.28
8935100100,775015.56
5016001260,479946.28
4337600280,286516.3
1446401220,174954.11
7135521530,630382.56
6888900115,275312.6
2413301070,292623.28
345700040,309616.06
5566100145,452820.72
7634800070,365714.94
9346910500,667262.75
3529300060,306029.94
8128600060,989266.44
8572900275,194979.52
4139420590,1337778.1
9274200322,600571.1
1472700200,573669.94
8820903380,579134.44
8563010130,855715.06
8965450110,828468.1
9274204230,507077.6
8165501700,377960.72
2193340260,578124.6
1860600290,827999.75
1222000055,192301.11
2492200280,465978.22
2488200455,339264.78
809001520,1188493.8
1796361140,244442.73
6398000011,808713.5
6813600365,530342.94
7504100920,796654
8835770330,726833.94
524059322,825491.7
4307330280,388249.28
1245002952,1076178.1
2021069059,257405.36
5700000595,632923.44
3629970930,745288.25
3336002215,268937.03
5100401060,641111.9
3278600750,264459.7
1126069045,1048006.2
7568700175,321767.16
452001475,502117.66
9283800230,530805.94
1737300130,544142.5
6189600040,483292.34
3679400025,495660.03
1096100010,310462.9
9513900050,244708.17
5452800645,733501.4
273800100,232967.89
7228500037,483290.03
808300090,444497.06
2493200215,531115.9
5035300255,701074.94
3380900160,396885.9
3630000130,428932.22
7300400670,285564.84
6798100070,375374.34
8078400010,565942.75
5566100060,509947.06
2768200212,485985.03
4035900060,604403.56
9460000110,335946.3
7199320190,562700.25
2225039081,459582.84
9512200050,547836.3
2634500085,307823.66
3654800200,288522.38
2724079090,1312681.5
2597520720,758115.06
3034200426,390228.2
984000130,298330.16
7852020670,433270.84
7923500060,713206.75
2310030510,302245.16
2205500540,493579.8
2493200015,385184.2
7853361420,578002.25
5652600605,536949.75
5285200020,293554.88
9406530150,342129.22
5706300020,481130.94
3278602490,394012.56
7197000100,548309.3
4447300008,545098.2
7899800045,219938.16
9250900095,340908.8
9268851740,618451.06
8682261440,501107.34
7284900385,787658.1
8079040300,456661.75
2225300585,371295.25
3223039013,405516.22
2013801350,258155.42
4055701110,801749.94
3578401770,439640
4046500720,543730.6
6145601745,387207.28
5207200195,675202.3
1972201856,559880.4
7212680080,239240.44
7277100510,609895.56
522079022,534700.8
5605000440,850787.2
6632300230,358631.44
8815400165,673317.6
6708200320,459308.12
2426059076,612325.8
3260200200,590372.75
2770601741,451083.72
4338800500,237391.33
9201000320,750364.7
7655900038,375420.16
3625059140,554797.5
4222310010,232554.8
2114700115,329112.53
3291800710,299690.94
9406590010,383561.75
3025059124,2773146.2
7972601250,416969.06
930000470,898593.25
6690500060,471911.44
16000015,201544.23
5693501102,574389.8
8079040490,448960.6
7225000155,320936
8819900170,815007.3
7972601270,308473.12
1224069074,797473.44
5126900321,318186.22
3438501860,296298.6
2822069080,401311.22
1656600310,601478.5
3856900507,1110082.4
1626069139,458456.06
2524049257,1273589.9
3904960150,556033.25
7214820610,429496.7
7977201845,575170.94
2428100080,846906.4
2202500135,365885.16
1523550220,687600.2
2313900610,501300.44
4123840050,360797.78
2125059124,977568.6
1225039067,472167.56
6431500283,431740.6
2473380010,307248.22
5694501195,398446.12
2881700046,338747.2
6837820330,340599.12
2337300370,193861.66
3876540630,218636.55
626059317,339646.47
3374500520,324857.88
7228501903,330875.8
4019300051,494721.66
4232902615,673603.44
3546000090,252749.72
8127700215,792534.75
3438501100,393997.53
1769600066,730819.4
8146100610,663501.1
3052700695,597048.25
7954310210,642029.06
3761700053,2313500
1320069179,327812.22
1331900410,735054.5
7303100210,319600.97
2464400285,462454.25
6163901150,341229.88
8955800045,344505.56
2314300200,432136.06
9528104360,389021.3
4177100005,671885.9
8856960260,316398.5
1828001220,622417.1
3066400710,719118.7
624110610,824144.25
4040800260,390856.12
5019500215,531789.44
2481630180,1066119.1
7203170190,701777.3
510001280,909948.9
9430110120,739111.9
1565950030,348128.3
9828202255,804076.2
3878900270,450364.16
8091600080,205664.05
1112000035,350688.1
2228900270,275173.72
6648701740,291049.12
1245003740,649773.06
2174503441,600300.3
7708250010,327600.34
6072300110,601077.7
2329800140,260058.6
1494300040,565044.3
3832050130,281145.62
7203100730,929211.94
7199330170,516618.4
7785000220,712259.25
1250201175,397007.06
4054500180,1102848.9
7905200061,437121.12
3751604895,174826.69
5220300140,262780.03
3323059027,316784.03
8651611980,880942.3
8673400190,547017.2
1668500100,791065.25
1023059365,593663.2
3308030060,325481.2
4232400860,851966.94
2144800615,244937.22
1568100920,1653729.2
9406510040,491966.97
2923049421,326912.47
1051000040,1700290.5
2077700042,696334
9423800030,261007.23
9818700455,611868.75
7133300675,386454.34
4113800550,638658.1
5553300375,1582617.2
2025701530,273308.47
7942601155,475268.06
7524300020,277105.9
2520069100,299781.25
5412300410,216054.94
7504110760,730929.56
2594200350,463789.44
2722059013,226200.03
8078430480,544321
1423069162,545312.4
8856001090,153568.23
7000100631,766446
4222200280,231494.44
7971300050,596862.06
2009001600,261150.89
6619910140,673442.8
2877100985,527842.25
1196000007,350206.16
1330850130,754000.1
6664900410,268183.53
1231001110,369863.9
9235900030,280831.8
9407101840,322542.28
9523103001,412347.88
2149800278,390805.8
7234601198,658399.25
9476700035,408572.8
9297301065,563894.44
518500700,838372.1
7843500090,328168.8
6056110780,301660.03
2345700260,328494.78
3509600070,223365.03
1431700280,345553.9
1623049174,277788.03
3024089049,304739.47
7853340450,402673.72
7732410360,776974.5
1446800995,285564.03
2946000285,247034.44
425079100,454150.56
3876313040,418483.7
1762600260,995165.4
1925069121,1081059
7443000480,847953.75
7820000015,353011.1
4027701253,493365.7
2826049165,382729.03
5426300060,832400.2
1278000210,153113.88
923000270,360752.38
7657600005,273573.66
3024079057,366178.38
3276180020,323095.53
7304300760,296327.72
3908100020,527660.56
8835400805,614186.8
4051150070,207418.47
3904930530,509407.53
6163900971,356502.9
7942600310,439353.3
4365700330,256785.78
423059207,301163.3
3992700265,353011.78
7177300090,480058
2540820010,700427.4
5700002510,985425.6
5201000030,604044
7631800015,2345908.5
2922702965,671794.25
1525059198,874625.44
1245003160,761217.25
3810000455,304186.06
7855600080,633453.6
5701500030,1116553.6
7504020400,625107.1
1402600570,303569.38
7575610760,272625.62
8731990370,370384.22
5021900090,880095
290000075,410739.12
2841500010,427260.8
3955900830,461165.6
7852110140,554971.06
1311400350,247704.9
7773800015,575075.5
4123400320,480631.53
2725069157,825719.25
666000143,721819.6
5101408678,526098.4
6371000026,376495.06
2024059084,739119.6
7283900036,328963.78
8881900230,726319.75
3959400135,368585.03
7696610270,232083.31
1689400150,897336.94
5103900015,440882.78
1441000350,448546.3
5101408735,328459.7
3126059027,2211744.2
2320069014,492573.97
9541600015,689355.2
8682320420,798917.5
1562200090,626334
3395070980,550031.3
7349600230,237394.95
522049122,311429.3
869700060,285981.28
811000055,1122762.9
1221059176,446450.47
1523059103,469805.84
2025760210,658160.7
9218400088,318200.16
8682292020,452735.62
2623089135,411628.88
3758900259,1307729.8
524069049,602657.9
3121500150,836547.2
5581400080,781062.06
8087800020,449529.56
4070700290,760871.75
3296000170,604403.56
9238500040,477903.75
2744600040,348405.97
6813600380,596909.9
6140100150,482130.4
2201500555,419029.2
2600110250,721180.4
4337000275,171123.75
1186000150,595437.3
1972201963,513079.3
1105000745,360233.6
2887700560,638925.56
4039700080,642376.3
522049104,269759.78
4202400078,253624.52
7520000695,172581.89
7714000310,401249.62
4319200060,647055.94
8624700015,608909.3
5104520610,296195.47
2354300845,300428.66
3824100291,475879.9
6151800612,265163.25
5454200080,950655.4
6413600290,332241.16
2131200065,277531.2
1459920010,297646.4
50300090,413482.38
2326300090,624425.5
7714000070,399819.1
3630180500,908266.06
1727850340,999511.06
8691430330,959958.94
2310030390,262603.66
5561400610,481098.38
7010701016,513103.28
7883605915,259383.64
1282300995,336280.97
4040700310,480271.38
3353400435,224839.92
2143701015,494745.25
255450020,374091.03
1020069017,319232.7
4038200120,455591.22
9284801100,308221.12
1965200075,673808.4
847100047,599604.56
4038700720,459480.28
6815100085,777852.3
2508000020,293122.7
255520180,637461.8
6822100750,653946.9
869700050,324284.6
1775801405,580361.3
6600400090,222241.02
7202330270,472728.53
1683400165,753932.56
2625069070,1063175.8
7625702440,409602.38
3388000640,236416.67
1899400365,288418.94
6899990200,776304.2
5569700020,777510.44
986000045,286009.1
3293700221,287451.53
3764800250,381676.34
2291400566,358848.7
4219401236,1516271.2
4239400840,159476.89
7211400990,208968.94
7696500280,187960.42
7215721070,485219.53
3204850140,362456.28
4322200220,654893.6
2566300100,1185419.4
1944900090,411835.4
6648500390,274624.75
7385300020,702416.06
1704900135,367594.4
2877100655,753860.6
2726079098,565753.4
7625703800,520254.38
318300040,551330.6
7922800190,517657.06
2023049361,228469.52
8946400210,490831.47
6071600450,543075.56
4343800100,388107.88
1443300140,338979.22
1024039001,812811.44
2767704860,560716.06
7234600851,617615.3
644200065,879421.3
7784400035,747989.75
3826000560,209380.88
9272202260,392951
263000253,424460.94
3621059043,517987.94
240000130,517325.4
1352300120,203626.14
7849200861,270677.2
2487700130,564365.2
1796100140,255785.16
7234601221,525706.2
8651710190,461254
2916200091,604099.3
1232000915,510783.72
1545801970,282254.06
3211200420,347605.78
7686204675,209874.27
3141600210,178947.14
3959401284,486879.44
2113700825,254147.03
3876000710,384293.7
522069022,539723.6
3214200070,409080.44
1221039156,311764.53
259600790,432587.97
785000040,488620.03
8138870470,481765.47
2596300035,325205.66
540100057,1474243.1
3073500045,499132.28
5363200266,402440.7
8682261650,516666.72
3224510080,782896.6
3211270160,406522.22
9269200520,198676.9
293810190,474782.9
4197400043,321644.12
3026079031,302796.78
5332200405,1066339.9
2473411210,294834.53
9268200315,529081.06
8123500050,634587.94
3221069091,426490.16
2485000165,611921.9
4058800215,572291.8
1926059039,812439.44
2533300680,923564.8
3343903640,354827.66
5700003705,1107785.4
2023049372,386574.5
4058800830,540014.5
3333002302,435568.94
2944500340,296532.1
1982200790,547292.7
8929000270,481540.4
8122101440,263017.22
7525530470,770278.4
9332800020,631857.75
3878900525,243552.22
5420300210,252208.2
9232900165,355835.78
6414100026,387253.44
3013300660,749648.7
7954300120,548260.7
1081200360,327209.72
2877102345,483410.8
2202500255,496625.28
7984400050,213271.83
9558020380,432529.38
7812801850,193954.11
8944460020,371943.78
2306400040,612819.5
8649400410,362140.16
7889602020,221290.78
2041000025,490272.4
871001484,620504
2767602141,536295.7
3630180470,793840.3
2769602140,438751.62
2473250280,313492.28
5422560660,539976.44
3756600240,386389.47
8651600160,785038.6
7202300540,835836.7
8961950250,435341.38
3303000130,462205.6
798000062,253618.23
1695900150,790602.2
1604730150,515970.94
4136930310,336342.53
8835401250,1380420.1
8665900328,410644.34
9262800255,272518.53
1853080570,824928.2
5556300114,754277.75
9517200290,430252.66
4037200295,451171.9
7417100123,401272.2
2620069077,206921.38
7922720040,687828.4
558100090,599191.8
257000037,268239.03
3319500385,451288.53
9297301520,367445.1
3580900090,364853.44
1321039076,165900.75
7227801581,267213.66
9407001620,297784.7
2130400150,313729.16
2312400200,252972.3
4046700210,425502.53
1193000480,866115
1492800296,540463.8
3013300017,464775.03
3630240140,541060.44
1049010390,344965.84
9320900420,153920.56
4315700060,379283.72
2591010290,323945.53
323089085,656061.4
6600400270,202398.88
2919701105,455753.75
7202360670,959204.9
8927600100,765821.3
3211700045,596455.25
4027701326,470493.66
1601600195,263895.1
7853280350,711969.94
3629970130,706302.06
7203120020,848490.06
9542900190,356127.1
8035350120,536288.06
1238501184,981778.56
251200240,472084.72
8945300200,183623.48
2162000160,1224195.8
5466310060,195338.9
1239400064,863561.5
5205000020,327563.47
1720800305,736476.1
7280300375,557697.6
2095800400,461566.44
7852010950,522690.22
1428001160,548486.6
9528104910,692098.8
8644210470,928751.25
7923300310,495942.78
254000100,667839.56
1931300688,516273.16
7007700030,468935.22
422049178,216468.25
422069067,472254.94
2923049393,370731.94
930000305,460174.03
2461900448,509680.12
2610100020,308030.4
2895550050,254801.31
7701700040,269265.78
2460900020,450052.44
9827700105,537538.44
1005000240,268360.06
7200001254,528707.8
866400040,568507.4
305000170,631514.94
2260800110,1019011.8
3442000127,738553.8
5253300437,477588.94
7576700150,1005267.8
5469501410,455465.66
5104531120,593933.9
723049434,344134.5
622069006,1478451.5
2517101200,308425.2
8159620160,239865.72
5561300640,410505.72
3317010130,200859.98
4364200250,382441.5
8732300060,705579.6
5603700025,747944.8
3585900190,1202818.8
3996900575,239354.55
8731801260,230191.6
3810000860,353259.3
5700003585,1835393.6
6332000050,496562.28
9286100250,438154.5
9471201110,1051756.9
9290800050,618382.06
7300200400,648352.44
526069024,943575.8
1454600156,954750.25
3904980360,473426.9
2626119062,284557.34
8651730290,436756.9
7611200195,737039.6
1919800260,602798.1
6632900354,281033.28
3972900195,285848.22
5151600170,286436.28
7016000440,425471.28
871000435,811552.8
9578060540,487625.25
2332700060,839876.6
766000240,273714.06
4363700200,354407.97
7100000250,344987.56
2781250560,219972.77
2781250100,370712.5
5419800220,267121.94
7147600245,255786.61
2926069083,941403.3
6189200125,787263.9
9542830160,294465.3
5152200020,268360.84
9412900045,448176.03
6600410480,184024.6
6979970080,509820.62
5636010280,260454.23
1732801300,812036.6
5561401530,467720.8
9578500510,359584.53
7304300906,304788.3
1223089077,683811.9
721049207,264896.34
8691330310,797967.2
1523069204,447434.22
3188100105,650287.56
6608500290,396739.1
2891400410,343128.1
7663700551,357188.3
5413200140,246951.53
425069139,634936.6
6713700155,369768
2767603505,460110.4
7789000080,257979.2
9211500620,241739.17
3750604417,192349.7
7922800320,519506.72
1471620240,348249.2
2222059052,365632.97
9551200270,1026418.5
2767603160,566282.4
9406710060,368621.6
8929000250,396929.8
5538300120,396238.44
2223069120,453648
1652500060,1563968.9
8564500240,413638.56
3629700120,636377.56
3943600070,396140.97
4171200025,296593.47
2425049063,4271836
9828701650,355415.25
3581000340,370598.7
8100900015,360450.1
2125059161,1212286.1
304000380,199805
8146200070,1506781.9
686530170,559952.44
2917200645,505602.38
9547200530,696324.7
2122059199,326269.3
1150000740,638308
5706200060,293786.78
9265410010,225031.48
4083800555,514768.25
6152900332,341920.12
2520900301,218131.08
9828200790,469611
1657530180,278118.3
7471900045,275831.1
9828200460,419570.22
1775900140,437433.88
6139800430,435678.22
7214400005,541044.44
5332200026,533917.6
9510970300,760159.56
2540830020,460158.25
3392100140,182075.36
1326069191,354114.03
2125059112,1078152.5
859000022,313958.72
8854100350,666706.8
121059007,237671.77
7977201707,472630.7
3859900060,2954857.8
8815400735,787754.25
705700530,353939.8
6600780130,372710.4
6378500105,402355.5
8143000310,488545.94
2877102330,699872.5
3526039074,597582.56
2115510300,251339.25
3024059014,2287303.8
2141330360,577679.3
546000400,519674.7
2071500011,405960.44
7972000240,214877.31
7016200460,430469.78
6204200180,448769.7
1552100135,1119283
88000173,398787.5
2581900235,743298.6
9211500560,231205.62
621069218,433352.25
1321970240,294701.6
798000630,300116.8
421000285,279356
2824600180,832386.75
3832051140,323900.12
1237500105,704872.8
8802400906,262176.5
3166900270,386875.06
3682000060,382599.47
5469700020,264380.5
1245001820,687495.25
9547205660,645751.5
7974700122,703670.56
7550801225,553686.44
1099950050,723223.94
1402900460,316962.03
7636800041,1445825.1
2115720270,267128.8
8651441750,184842.12
3904100035,248314.4
8815400020,627053
3303860590,485233.4
5427110040,1198036.9
1782000160,329841.5
6204420290,511259.38
3995700245,295103.47
7955040130,464963.47
1442880650,514236.88
8833510230,952285.06
7283900551,438866.7
4396000180,252934.42
7504021310,676046.4
322059264,265516.25
3654800040,293968.7
2767704777,490673.75
3278602190,343417.5
3236500220,506238.28
3410600100,300294.03
629410180,718741.56
3352402250,135996.19
4363700304,352484.62
7237550130,1269413.8
9808590210,1146352.8
8074200175,260584.67
3463400330,446861.1
6306400140,709121.9
8564950250,525390.44
5381000070,211429.58
9826700697,476428
8132700190,435844.03
7943000020,166269.97
9547204675,586600.2
4112100101,494333.53
727500030,671981.4
114101426,366101.56
9274202005,740864.1
1193000380,908498.25
3039000020,468818.5
7852170130,655963.75
2624079010,635401.8
4137010540,300658.25
7576200012,1022982.56
1138020020,359104.75
3969300030,201424.92
898000200,219546.48
5153100030,299845.6
5104532030,514171.16
4406000050,220256.58
9274203390,578303.3
8682290360,472157.66
6928600330,253130.61
4139680070,815481.56
6844702690,493388.75
2154970020,2017445.2
4385701285,1216739.6
2426059071,584632.6
2867300160,512543.8
9512500720,561426.7
1773101020,315409.4
8687800100,284585.56
3627800050,1429892.8
1604600227,298643
3300701170,390384.5
9250900111,486407.9
7015200790,614759.94
1311100490,239426.69
2469000010,992315.6
1982201596,560715
1862700290,349924.75
2586800270,252057.67
9528102772,455540.38
5490210200,437418.03
6669080020,418193.22
179003055,205523.86
1860600535,966189.75
1592000130,595026.4
3905040170,553005.7
9320500080,242751.28
9276200850,504207.9
224069114,662784.6
2260000340,589555.25
5096300130,399265.06
3432500215,352218.84
2600000050,697561.6
8856003839,218697.64
2492200435,415830.53
7855900110,1124782
6806100250,325396.75
2770603523,530588.3
1370800515,1587514.9
2726049150,476697.5
1226059161,580647
1068000375,2337418
9528104109,441582.16
5126310060,528069.3
1951820070,538862.7
1545805980,388386.3
9464700340,928436
4319200675,866082.75
7518500885,539293.5
7852020620,506595.7
869700370,357146.06
8643000190,277922.1
8902000267,593051.44
7972602435,270766.53
2050100210,879274.56
6705120540,454296.56
2767601390,651988.44
4141000490,1250303.1
9345400350,780505.9
3222079162,322898.06
7789000120,254260.97
6646200770,689365.75
6666800180,895704.75
1725800280,482329.53
6117500460,1196954.2
5470100220,226768.1
5457300478,530689.56
7550800195,582335.06
7787050180,608018
6204430250,545319.1
7640400250,517741
624110920,774082.6
3629920140,406962.84
7173700518,615686.4
3210200395,197135.5
2473480560,390347.28
2623089141,446922.47
1423800080,207266.4
2076400050,282510.97
3832060120,316399.1
7702600930,419994.97
5101404555,404946.22
3723800415,424524.9
3356403400,213830.66
9214400125,510417.06
1797500530,552701.44
9551201660,993330.6
3878900815,380313.44
1760650280,338748.16
5466410030,253829.95
6388930620,629314.56
2331300395,771879.25
9412700160,287347.38
871001611,610074.75
3142600120,572512.4
3995700220,362002.38
2310000280,282941.56
8039900400,391025.03
7504021510,659834.94
1959700445,1498945
1556200155,611156.7
3629960590,391754.75
259000240,452525
662440020,396624.84
3123049142,569600.4
321100260,735962.9
6840701095,551479.44
3738900165,410531.97
4427100130,401323.84
9238500100,486085.16
6145601810,341325.22
2570300090,374757.7
4017600010,491066.97
1005000220,349777.6
1257202120,471436.88
9527000490,516399.22
8691400080,685986.3
1726069084,411180.03
248000240,202780.25
6113400046,352991.25
2130702350,357641.3
920069052,272208.66
6071300160,548474.06
1623049041,131196.38
9268200285,355451.84
1843100520,362404.78
2887700826,589639
9122000385,511651.53
9475700220,384861.06
2804600005,793434.7
2896400300,389385.44
5015000180,767770.9
3630220180,785449.06
8832900780,474731.72
1568100300,477742.44
8718500610,389820.16
4147200140,1081885.1
1973700030,1032093.94
8862000075,183856.89
9320990110,303784.25
1151100035,432503.8
2011000010,220005.08
1651500060,898516.94
446000190,755390.6
2344300220,885134.44
523049195,183763.11
9191200015,623571.56
7942601410,690575.1
7137800300,196254.42
7853300280,527017.4
6654700240,338666.75
569000050,593510.3
3584000180,231720.84
2026079055,301830.38
8898700880,288853.28
5075400150,619087.75
8731981360,341897.3
4222500020,229185.3
7996720050,655464.1
4077800094,628910.2
6446200365,600973.4
2824089053,560565.8
1311800220,225226.42
3522049063,608102.1
1721801280,182021.53
6131600240,188944.22
7202310040,677817.8
1123059125,601269.75
646910160,212220.25
5630500005,407951.8
3342100785,308879.06
9547205610,621999.44
1773100123,278200.8
3353400092,286030.9
217500015,387468.06
3649100031,402025.62
7896300150,269119.97
623049185,238421.84
1773100430,351332.5
1781500220,825027.3
3395380200,220251.11
2424059170,2904993.8
4389200765,1687523.8
1543000060,493465.9
6154900005,638745.8
2902200240,465771.62
1442880640,519995.94
8562770490,582323.94
2768300655,587801.94
3432501315,303300.53
5035300570,729033.2
3626039028,411776.9
3876540780,231189.75
327000100,1142038.2
7551300065,474153.47
1312920060,244906.39
2215901230,271905.88
6306800010,439595.12
2767700022,482299.66
5589900610,502799.53
4320200020,682034.56
5249804655,639444.3
9238500480,468201.9
3885806565,1131868.9
7905200205,464557.47
5727500102,337982.1
3585220070,390786.8
2078500210,585678.44
1839920050,421124.8
534000080,327455.4
856000255,566454.7
4141010110,1467398
9558040820,599483.4
7768700315,1100510.2
2796100640,301556.75
1922059010,191893.86
3448000542,257959.27
3883100220,270259.84
7237301210,282872.5
3893100456,962908.6
9578501110,370694.12
6145601995,439291.72
4024100120,291669.88
8899000050,364020
3396820010,580740.06
6749700117,365428
1954400060,488592.53
3303970100,751031.2
2540850070,494930.25
3797000745,522511.28
7883603700,222860.75
3438501452,389135.6
3530210260,666317.2
3598600049,181885.5
731500170,364304.78
7129304375,165758.11
263000006,383139.12
7212660560,306113.12
1112700010,412491.44
3420069060,617064.25
2473000470,381308.9
8691390980,722728.9
6184700100,418804.66
4476400275,343906.8
2968801240,302935.12
1529300160,398394.8
7640400070,660657.25
7016100380,467529.06
2172000890,433876.22
4035900015,768955.75
9528104660,926134.94
507100005,381195.1
2783100160,383008.72
3629921140,827365.1
1099750610,247122.81
1330300451,1081130.1
2757000030,795024.5
2114700190,318012.97
2050000020,956118.9
3832500790,284336.25
2612000390,316917.3
1483300430,533368
8899200720,312539.72
9183700470,287015.44
3530490031,217646.92
7857001225,365344.38
7920100083,409962.3
2254501620,522821.8
3303000130,440590.7
3876200070,413090.6
369000365,349462.84
3052700385,758737.06
7856550240,783401.5
7300410110,356127.1
7201800300,406841.78
1695900060,537319.56
9429500146,791652.44
3629910240,673085.2
8805400090,244747.16
1022069050,266022.4
1138010530,406779.3
7877400266,180283.4
7974200452,1036686.94
2126049265,428453.9
9547204350,703750.44
5560000680,170539.38
3793500550,302383.56
4217401195,999167
1826049408,411042.8
3905100210,461876.44
7695370160,462435.75
3210400060,224886.03
6146600170,136504.77
2767601750,441981.12
1773100926,365849.56
5700002125,451784.2
1951100100,189399.94
1402200340,315600.47
8044200200,401181.12
66000070,342333.53
5083100065,180397.61
4027701284,376285.1
5693501100,569813.4
3600072,560509.2
8078550250,296615.8
1922059046,263983.94
2902200016,681453.94
9183700845,145421.14
3333001997,337442.94
1432400525,266386.22
2824059128,468372.97
6453550090,929056.9
6202600070,1287332.5
7524100280,218884.19
3524039224,808924.8
5739601300,659939.4
2473000410,409091.38
421059018,288451.94
4232901120,717484.9
5559600140,252662.48
3797310150,263239.78
7986400265,848662.44
3025300095,2652190.5
7524950830,552793.2
9407100730,244434.11
3812400854,387095.03
6002400030,333887.78
2212200090,237925.77
7202330610,528532.9
7300400170,319759.8
8965000110,445235.28
3996900125,306762.78
2221000100,303394.84
1524079088,332802.16
1133000036,371458.16
1868901190,684089.75
4037200530,476919.4
2095500120,322830.3
1995200338,722739.9
8820902350,843524.1
7459810210,353618.97
9536600010,497115.25
8085400586,1730228.1
7518503065,354472.88
8682320350,666171.7
3179100790,744091.56
9828702666,515159.2
6713700250,554276
2141330700,589961.9
7519001990,390746.56
3223069019,328377.62
7994700030,338633.16
2592300450,296644.1
2792000010,480874.06
173000025,349909.72
7203150330,671285.1
3305100210,831950.25
2581300055,871504.75
6613000750,1598916.5
7015200685,663256.94
1323089184,520505.97
3793500510,401406.53
2225079030,263400.5
3578400710,415326.4
8100000090,258761.52
2095500040,314426.75
8682281710,678705.3
6163901380,286746.22
6918720080,629208.3
6914700130,501312.4
1205000215,572937.3
3800008,264755.94
6150200180,284970.4
1223089066,822637.3
7768800290,841208.9
9285800330,900794.9
1974300020,562052.4
7628700050,719878.25
9376301800,678079.7
8651430220,174521.17
629810350,841130.25
5016002180,779212.5
9558010230,359282.22
8732000390,218295.28
7899800586,373114.78
5249802460,409930.62
1446300020,564819.1
7785380150,453314.56
1245500950,668391.4
3362400640,672922.8
7578200310,704631.5
4137020910,286930.88
11520640,735448.6
7972601995,231226.14
8122100160,445629.06
9456200450,301059.34
1328320760,336259.78
4025300285,343318.6
2721600125,1061001.1
1123049027,217597.73
3542300060,269098.66
291310340,489361.03
8651720420,476572.06
3298200790,361448.7
4037200585,424245.22
1329000090,1573212.1
9279700013,1121215.6
4151800265,562073.8
7760400210,245726.39
5029450110,226915.84
9492500160,843604.56
3578400270,426661.03
7606200090,298584.34
3682000050,349278.6
1250200415,338125.56
629811600,720148.1
1839500115,306409.3
1176001293,1636800.9
3013300409,398488.7
7853280370,730583.2
3275780030,670376.7
3336001946,242211.55
5456000110,805056.8
2473250400,292534.28
5393601635,505212.44
8820902905,335973.22
1245001659,756728.9
1523069215,454693.6
930000234,517889.62
4083301645,644321.9
4055700778,585534.3
2781230080,452947.7
3629910210,691164.8
7856700060,708044.7
7589700055,439112.88
3888100043,362629.16
6381501636,363803.1
3303951150,375430.56
8638500170,373489.66
5635100050,418278.2
8820901792,785668.56
5456000025,1323637.1
985001275,152291.22
9560500105,724886.7
1421069117,243319.83
4154300296,338036.56
795000620,114408.49
9828702335,524320.75
1250202145,1096467.5
1163400070,260803.7
5652600065,647291.7
1042700050,776323.44
8899210320,353312.22
1651800030,1940811.5
2919201365,761414.75
4365200895,397530.66
6841700100,844287.9
7376300060,409628.94
7852090180,529930.44
9222400565,512634.25
9542400075,871981.94
7338000150,171624.19
4322500110,637300.75
7694200070,428378.72
9321010130,252691.88
3204300455,1263800.5
6706000040,314556.3
1565930130,414637.78
3279000420,227554.48
194000575,503334.47
2115510160,255920.58
7522500005,561378.5
3787000140,475488.88
7852110690,608385.75
5469700260,335739.72
8691410730,723291.5
114100763,274286.06
1257202430,850533.25
7000100635,490402.88
1900000195,155577.73
251500330,1930308.4
7701960210,873360.2
4037000065,434344.03
522059299,264133.03
6072300800,665230.8
6821102358,554234.8
5029450200,225084.5
8860310240,598554.44
826000295,358876.4
9417400110,401613.3
3959400345,650494.75
8899000430,337972.75
7527200030,678024.7
8562720410,1106227.1
1432400335,232431.52
6699940320,378667.12
2525059172,701268.9
7548301044,380514.06
2141300420,776473.75
5100401414,408508.12
7346600092,267873.22
6852700478,526299.1
87000213,232241.19
5416500260,294322.12
322059097,266333.88
7229900005,320919.2
7116000350,142716.19
3739500096,339787.4
6744700900,898024.4
1959700550,938559.9
5589300435,359035.94
1775920350,345973.7
3750607974,276262.06
5318100935,925873.56
1442700430,465077.44
9346700030,677031.56
1841500050,319658.28
7278100665,388970.12
8635750980,631468
6909700340,643237
7011201475,760953.75
9348500220,564867.56
3876313170,407995
2195700050,910349.94
3760100200,451210.62
3396800120,542922.25
3750603685,261771.53
9828702310,602650.94
8656300380,392505.66
1438000170,608933.7
2423069164,482685.72
2112700845,305009
7635801370,510512.47
8572900135,386238.06
7504010590,756459.06
6821100125,471687.8
4310702775,285840.03
2591010180,427970.38
9828700235,751338.5
9376301180,528161
1646502355,1123759.1
1498301672,453279.56
7715600070,325409.2
7283900045,505806.38
522069119,501115
5200100125,597507.3
826069184,494817
3271300155,698034.06
4444800045,686805.2
8682291050,752261.25
2770605420,478945.4
1556200205,478597.94
269000970,1277675
9264900880,265569.7
2323059074,225546.48
1224059053,1232552.9
3755500065,448449.22
2571900430,370152.56
3705000070,286868.22
824069173,547744.9
1735800050,137062.56
3025059089,942200
6132600655,925378.4
1068000255,1602577.2
3052700921,660649.06
3024089057,309472.3
7390400026,277867.25
1787600224,420938.9
2923049372,320692.47
7015201015,924812.8
7701990040,831932
1925059194,971457.1
301401370,329167.75
1931300955,413206.44
2395710070,362025.5
2591820070,431712.2
7883604065,272524.53
808300200,459853.78
1421069159,426377.9
8562780540,294889.66
2787720300,385708
2349300069,266782.8
739000035,193415.31
2397101460,632576.44
7625702437,388184.5
5101406441,523168.47
3323500010,1341870.8
225039082,774493.94
8078100260,349883.7
4139480200,1355119.2
7436300160,518184.1
822039004,666225.06
8651442910,246675.44
1370803510,759366.9
3342100569,670122.3
1310430400,527814.06
104540820,239698.56
4305500030,635564.9
993000090,802732.3
8044050040,436747.75
5707500050,709653.6
6306800080,372022.56
9206700190,858793.1
8732040090,299950.28
3037200045,431209.38
438000025,591236.5
239000115,321397.6
8929000230,528892.9
7135520610,1179808.4
5561300340,516001.47
9530100085,776978.2
6613000140,1517375
8835210130,341336.28
3782400190,341317.4
379000051,286178.25
3869900150,336170.03
4322200050,402102.3
8961980290,709114.44
2558670110,431731.94
1124000010,417896.22
3869900138,457973.2
7853300720,495311.3
251300110,300442.4
3904100041,289480.4
7701990300,806177.75
8682231190,570199.9
7888200240,229760.86
2025700730,295878.44
3066410800,704154.56
7576200040,780511.8
2526069095,1040732.5
2781270530,204025.8
3763300005,468498.5
1523049083,185719.95
923049468,192340.53
3303700221,665922.7
1502400140,224735.1
2880100160,997747.3
4083304535,857637.5
8820902549,574354.75
4139400060,836067.9
1222069094,364748.72
9367200205,632501.06
2734100736,308989.25
3856904580,648966.1
3812400789,368670.44
3303980090,1004571.06
1314300018,313205.7
9522400350,519946.84
7524350080,340411.12
9406520260,308902.34
3278602040,370426.94
7696620100,240677.56
3751600635,241038.19
6365900065,399103.28
8732800100,256938.64
3876540410,250178.92
7349660050,250547.1
1036700220,612137.8
5417600200,324029.88
8732020310,285626.12
6844703240,875623.56
923059206,342004.94
4038700220,520428.06
2597520900,700544.94
7203230040,983325.56
8820903560,329826.72
424069112,746872.8
6056100102,505095.38
1823069155,452344.2
9412400220,2764830.8
6851700381,1218656.9
13001215,257434.58
3630180340,798249.56
6746701090,617370.3
3832050760,288979.5
369000690,473832.53
6071900130,584187.9
7266200085,634099.1
1473120390,419950.12
9523100458,553162.9
4345000510,274376.6
6600220090,425113.16
8079040320,415059.16
1357900060,448909.22
3996900295,305342.8
1442700250,469196.47
5021900175,637188.3
4365700130,332642.22
3876100320,549723
2124069103,420856.22
6700400140,270198.78
7852090810,521196.4
1454600038,865936.56
4137000250,307519.38
9826700726,473977.62
6716700325,471445.84
8562750300,587464
9315600050,1862850.2
2790410250,670846.1
7732410130,689146.2
1387301730,357517.16
1568100220,359028.4
3975400085,806298.44
339600110,433366.72
7888400500,240477.95
1842390130,706099.3
7595700025,323347.34
2158900140,758271.94
6151800070,462627.62
9294300515,774714.1
1250202660,843748.6
9106000005,911071.6
5035300085,719900.94
8898700440,273540.28
723049197,182002.62
2019200220,233493.94
2926049408,634168.06
4233600190,1024704.94
9268851860,439611.47
5458800620,760545.3
424069096,467967.12
8150100265,224946.94
2742100085,373072.44
8045600130,382673.2
8039900086,295438.56
4131500190,342741.88
1370802650,696731.9
821049149,252369.89
5104520460,375212.94
5466750140,261973.31
1703900155,311957.25
8658303065,294032.88
3298720030,505872
1839900080,310117.25
1561600025,757656.8
6064800410,314694.03
621069102,247088.88
7853360620,406572.6
9385200045,634050.1
7214770020,657155.3
5412300100,243761.81
2025701360,272416.7
7334602070,318743.5
8029200190,214570.34
2622049052,516897.34
3126049261,349758.6
4443800705,455195.12
2473420100,308895.84
7922710520,575691.2
3336001911,253147.52
3797000300,425661.22
5406500480,632622.3
6706600090,428074.06
1518000230,321695.66
1250202990,834501
6441800060,799910.9
2141500070,484318.47
9407101900,264022.22
5451300117,2016741.2
326069132,462604.7
7153400100,231096.08
3083000910,441394.38
3021059304,321946.4
2597530650,744714.9
3972900215,310594.7
2473420070,313468.06
6115400008,457802.88
8682220230,785918.06
642150080,646986.8
3775300030,304996.5
5418200340,675374.9
2424059119,1062265.6
7899800476,261049.8
8598200070,254590.23
2421059125,492841.8
9528102771,533975.7
7522500020,593661.5
7202340720,619088.94
3286800260,576304.2
1121059105,468018
7504030220,668109
4045100190,1695909.9
9406530090,353725.22
7138000260,260660.97
2600010390,658056.5
2917200365,412542.97
2191600780,185323.47
7784000180,501161.34
6149700194,318150.4
8082400136,777526
7202340930,623688.75
1972200556,622937.94
2767604170,569517.25
3271301175,541894.94
3223059303,512519.38
7598100735,996451.2
3348401490,310550.84
1545803390,274208.38
2296700050,514545.44
3626500045,752927.3
1596600060,280397.47
3616600250,1452871.6
8078560140,283519.34
1796360350,235555.39
2770601763,510251.6
3223069118,634548.56
2473372040,362639.2
3575302759,395398.94
5706200170,476210.88
1774000030,474876.62
2224700136,342603.97
1250200418,341019.72
5416500840,353381.62
7335400345,139356.88
3776300010,986198.44
8857320130,513145.88
424069206,772605.44
3592500985,1101293.4
9828701295,365954.62
2621750340,301854.56
7334401000,258240.61
3286800110,585633.2
1722069097,442218.5
3574770030,528993.25
1336300610,1268412.9
7230900100,346984.12
6141100320,374616.9
2767602356,749294.9
476000017,454554.84
2558600100,446443.22
3500100015,281222.56
4074300150,433750.03
8907500070,6707562.5
4388000260,194441.56
2475900850,227571.42
7852010900,551638.8
318500300,706369.4
9200000050,153826.64
1026069106,487083.3
205000120,680355.9
2616800600,770216.7
921049141,602740.06
2023069059,740081.7
7229900145,411705.03
4376800010,545594.3
4389201095,2782312
826069127,545103.9
2310000250,299943.97
4058801225,360946.8
6600220550,469069.84
3585300194,1498916.4
2594200375,457400.97
1102000514,837744.75
1862400471,415800.4
6928000440,294881.5
9578060470,512059.62
8732020670,280659.66
1823069088,341060.03
8712100350,1199118.2
3420069055,340391.62
4229900140,259790.89
8682280490,402994.88
3830630310,253540.84
5100400251,353987.4
1737100830,630107.9
1630700276,505409.06
6326000205,424007.4
3426049284,2765149.8
3814900260,400560.25
7403200050,1809602.9
1725059252,719151.56
8899200570,335712.2
4137000700,266285.88
1115300270,807931.06
3904920380,654979.8
2695600195,364593.94
9542100135,743893.6
1552510160,388320
1823059241,790504.2
2193320450,586488.3
1122069006,566949.7
7853340330,398337.47
1954420380,506355.62
7299600530,267405.62
1760650670,266128.75
6819100080,654043.56
2767704649,471928.53
2424059035,838934.44
1566100400,347293.66
5255690060,483410.8
8860500130,423545.47
7349650120,306074.6
3291800670,458734.66
3764650010,522660.3
5416500950,406197.06
7973202712,189949.28
3291800120,227655.2
9211500620,230222.78
8643200020,377894.38
9197100101,180653.61
3531900060,367688
8842400071,444089.03
6844701680,504697.66
6413600285,423581.4
5196410260,1041596.4
824069121,653213.25
3876313120,434541.66
269000030,955661.25
1560930070,723212.2
4435000705,219379.27
9542400025,856408.25
2470200020,1777666.1
7519000580,544918.8
1226059101,520602.78
4449800063,459524.56
2815600305,748310.1
3821200050,180185.44
2644900110,360958.88
8058500005,404767.8
1099760230,215231.92
1954430180,519537.9
7853360480,506715.5
7229100040,314647.22
1432400120,229154.92
1898200080,341135.2
4054520100,873263.56
2568200140,726865.1
587550010,663059.6
4154303215,782320.44
6358900070,914296.5
3277801640,407704.44
6209000165,306886.88
6143000020,275928.44
2591780180,414283.25
5412400170,247511.97
5466350120,275982.4
2877104196,620433
3222059007,294292.38
7957600025,236912.77
2698200210,252347.02
3764500230,552016.1
414100630,355319.34
8029740060,339841.53
1426049054,384196.94
546001060,692746.6
3277801417,397114.97
3630120970,788203.7
2326059080,955815.25
3278612370,367034.97
4024700100,288115.7
7697870860,241427.69
8562900240,668846
4059400585,232525.73
5703000050,471936.2
7701990560,802658.8
1760650610,332202.8
5408100035,447910.25
1370800560,1254539.6
2880100240,499671.44
3630060150,542717.8
6071700020,525755.3
2473002500,402873.06
2768300650,500096.2
3523089019,809735.25
2787250190,508989.9
9477940440,428352.16
8732030440,300824
236500050,305485.53
993000100,818806
5466700360,265579.06
7203220300,875314.7
8682292180,426293.34
5209200010,482645.2
7853360990,390181.66
8663310010,449789.44
2313900165,534820.7
6114600030,559841.94
3303990030,779790.1
6679000960,346126.16
8161000230,570302.1
9510860060,703626.94
1223089083,752655.25
2721049059,281386.22
2523039278,278217.78
9826700707,466619.94
2159900120,430760.94
2767600635,715145.2
3812400455,370198.8
7852030960,415433.78
319500080,698524.9
1061500360,282983.66
1787600209,386425.6
7888700030,482188.8
3623500260,1199634.1
4219400520,1496875
518500460,2373262.5
2500600297,258593.77
7283900010,299307.62
9225900055,322442.03
4036800925,388659.38
7967900150,381257.62
1782000130,417376.44
3163600015,137275.78
254000075,345758.94
1424059022,1141587.4
2768200090,700077.44
4319200505,525026.8
1592000780,692586.06
1687910100,554529.8
5200100115,590675.1
3751600176,207199.02
5608010650,999420.5
2051200506,283937.66
2781280310,284022.44
1023059190,270356.78
2787310130,262636.97
4358700100,438407.8
3121069036,519431.9
1959700225,678004.7
3205500230,369702.75
7974200937,505654.47
6819100111,964834.4
6146600175,147084.11
1525069095,814911.75
1231000510,388610.8
4122700040,904144.56
2426039314,281145.62
2013200390,246722.02
1854900330,688174.2
1923300135,658253
582000135,562825.3
587800130,288524.03
7840800135,207294.08
6116500366,393371.7
6392002635,612630.2
5361700020,354734.28
106000395,421489.66
7199330390,383537.62
2484700155,587280.9
4038300070,444735.38
9407101850,323664.8
293610040,677974.94
7202360760,834482.7
5608010750,1180756.1
7236500025,307009.8
9144300120,355696
1454100267,411568.44
1377800135,694966.7
7967700570,239953.81
1562100220,622568.56
2923039243,396716.75
868002080,749268.44
7137960460,273507.94
1023089096,290888.2
3262300818,1920343.6
8563050110,551028.9
7137300245,467985.4
4365200630,389240.62
4100500070,1891696.9
3821400200,233966.7
5379803386,240844.95
4237901075,619926.75
8118600155,385832.72
8946780080,853245.94
1428000970,396416.84
7011201004,659060.1
2799800180,361694.56
522059130,242382.78
4315701163,636028.7
3649100387,467602.2
2125410210,486078.66
3224900130,220382.02
6798100661,299035.16
3626039325,854439.7
8730000270,364454.53
6065301040,889638.3
1665400165,218477.52
2203500140,389051.34
4058800875,359935.88
5076700025,445918.6
7853420110,626099.3
7818700480,329067.62
8658303080,322038.84
3187600100,585535.44
4077800518,368195.75
2470100110,4240909
3451000206,290411.7
1843200350,168953.73
7904700126,393568.3
9430000070,276409.38
6003500749,656996.75
7701990700,793937.25
1310820150,353602.44
3975400190,615875.44
4100000050,611369.5
7202270700,571575.1
7370600020,608706.7
126059225,469916.97
106000015,403804.72
4458800060,1073369.6
8944290090,236208.89
8682250330,602572.25
9834200390,511796.5
3275880100,708124.4
7227501190,267416.3
1796100010,650177.2
3831200210,295400.25
2521039066,274663.25
7701800050,456076.8
3904960910,653751.06
5647900670,264208.84
7234600796,526692.75
3021059244,218511.27
7787400030,1842292.5
2051200436,654483.44
8820901415,363258.78
3523069047,807680.7
9194101388,486180.2
7277100610,351146.94
9471200370,2132333
2767800140,750812.06
3629870110,550833.94
9136102057,619802.56
8648900060,503727.78
3678900110,400320.8
2767600150,481040.1
1972201511,665605.25
6055000430,538036.44
6624030050,358828.5
2215450150,336776.16
2767603824,432550.84
3585900460,794087.2
2922069134,412557.94
9267200062,344876.38
7228500425,515114.97
1089000190,838222.6
3359500960,532622.3
5152100160,392098.25
7230300060,352975.1
2423059067,462852.7
8016250060,254260.97
2524059267,1122311.1
1438000440,519475.5
3326069026,614295.75
9353300600,307122.25
8691410060,687607.4
6332940070,503577.9
1310980110,312859.4
7428000120,223770.56
3626079040,662212.2
2722049077,296436.8
984220290,292822.3
5347200160,225685.69
4154303655,570330.94
2953000250,254021.02
9523102447,704874.8
5104511840,419897.25
3448740250,475313.84
4219400290,1047496.6
5152100060,495544.25
3279000460,220331.8
1102001274,1046423.25
1251200155,1228415.2
2025700740,273206.03
3820350050,361124.8
1245000438,817393.9
7853230200,483388.22
3832200070,256755.66
2926049400,455086.62
1246700251,853579.6
6372000155,565729.06
7950300670,387692.44
7518504130,583789.7
9286100200,414108.25
3992700585,464038.94
7234600786,789006.9
5476800069,342993.62
1126059201,1344377.5
9527000090,531071.8
402000115,269540.2
8818400450,1013715.7
2475900840,245313.12
1437500015,206470.77
2848700095,425839.47
1529300135,353611.22
2597520090,766283.75
7812801125,222050.77
3343903647,452332.56
1951600250,180097.81
9542840590,270600.53
8081010040,1091865.8
3262301355,1338130.2
1861400068,468851.6
3295900490,430627.88
4345000440,234913.56
4219400465,1009941.75
3797700030,263384.2
3204300860,759243.75
1930301555,559109.4
8807300130,331849.44
4391600035,360433.6
5021900140,1648676
2946000590,256437.05
686400210,529798
3365900462,238873.61
8682262170,408882.3
7312400325,338894.84
3760100100,408083.72
3579000410,465034.4
1773100755,497698.22
7129300175,342505.28
6303400965,226892.27
1328320440,336342.53
3686900025,250748.12
1221039066,390779.34
7950304095,338761.72
3585900785,959196.6
9455200329,537984.6
629410130,747037.4
1994200375,609909.5
6669200370,894454.25
7262200150,273649.06
7504010750,611847.2
5253300173,295963.94
3395040200,294416.72
322069109,395506.78
4054510270,1121412.4
1710400005,573395.4
8644300170,670034.1
2450000290,1029038.4
6102400166,808294.8
1934800087,417563.2
3333000775,268539.03
5393600509,296127.97
621069039,364062.7
3343903611,596998.1
2954400020,1170691.9
7972000010,187484.22
7214810510,497246.6
5561300540,483275.75
2634500070,437271.62
6822100310,710745.44
9201000100,738648.94
1072100085,321259.7
6190701146,475746.94
3277800845,229820.67
112900020,328927.7
1324059048,626813.9
7979900126,368428.97
7199330370,452352.84
6381500720,439714.22
8078550190,296239.84
7853440140,806891.5
6300000396,351497.72
3374500250,363588.72
3343901188,285848.22
6979900010,858053.06
7199340320,601785.44
1112000125,405581.22
9269200150,305337.88
5104510210,288040.7
925059219,607141.3
100600320,201512.34
1789900080,256928.1
2123049142,294119.53
2459900040,556742.1
3902300450,608327.75
7250000065,300754.3
7823700005,293667.16
3750605247,208666.44
2771601730,558247.25
3298600440,346568.75
9141100005,537308.3
8682262190,436184.56
9407111250,222993.42
1336800010,1563203.9
2255500060,588980.3
7950302345,294410.28
8658303585,260806.69
9184700600,1085070.8
8068000440,304645.9
1310000130,303748.9
7853221330,679290.7
1222029077,296412.78
8562891100,350226.53
2517000260,363380.4
2225300149,336291.53
8651410330,174626.89
2413910050,559443.25
9407100720,271639.97
2112700920,343786.8
3761700251,764451.7
1036400100,656510.75
3585300365,602856.2
8562750060,838233.9
2719100042,512634.25
952007055,422889.2
925049318,578656.94
7203220260,936792.8
9320990140,314423.75
8567450140,473348.38
5379800810,171936.28
7784000100,545491.3
3992700475,450521.38
7905380280,426495.84
943100683,403995
8029770470,578625.44
2818600060,1201550.8
1226039124,470669.12
726049184,285613.03
795001930,204766.14
339350150,723274.94
1332700270,298371.7
7548300170,610995.9
6141100330,394782.88
647100096,819133.25
6744700423,465952.44
2895800750,292760.6
4046600220,354951.88
8809200070,398652.88
293700110,874652.1
4178500440,255297.75
4358700164,248760.25
9197100263,248529.77
2426039313,301778.56
9468200163,619791.94
475000190,474706.84
7504180170,423467.5
4036800170,492758.16
2561330040,468064.4
4123400340,528740.56
524069115,893533.44
4047200850,377757.47
8651440230,233628.69
3905030140,541906.8
510000641,659668.2
8663370020,422710.56
2883200760,666464.6
1980200384,810028
9468200140,470149.2
1796370150,264190.47
9238900085,557946.56
9191201325,615675.8
2538400060,1027338.06
3758900037,1017484.3
2472920800,421454.28
321030150,342556.6
2571910100,324539.84
1423910670,285181.9
1118500030,808708.06
1939000010,658307.56
1776460190,478885.12
7504400290,644563.4
3448700070,405961.22
7518501025,601071.94
923059252,489831.7
1431700210,246580.88
8635760480,538536.44
9175600025,1213501.9
7922720250,554332.06
8944360390,480818.1
8948500065,195629.17
8669160310,274815.22
6117502745,501813.7
1789800020,374105.28
226039186,345065.53
6457000080,261134.45
9557300080,555046.2
8562790480,707406.9
6430500008,550705.8
1604590230,846674.56
9542850290,758598.9
7831800395,314941.44
3317500030,1122827.1
624101110,729544.4
3654200039,371240
7856000150,813498.5
4338800685,267852.53
3211230300,416668.53
3904910650,574188.8
3598600088,273584.1
3796000400,373514.94
7972601280,478774.16
1450300050,262554.84
7504050090,826955.7
9202650130,541823.6
2419600075,352560.94
1224049005,1003583.8
7129303240,351050.8
1922059135,220725.7
7852020250,642282
4139910180,1507456
4222300040,278977.66
1024069027,965067.2
8944600620,539585.7
5040800060,806929.25
1036400200,610649.8
7899800915,235872.58
3325069025,491370.53
9408300310,576712.7
1773100604,360792.97
5451100490,911089.9
9536602080,176842.95
9828702055,401684.94
3362401758,489716.78
476000333,423264.03
4364700730,316471.22
5559200020,261501.55
7522600110,248296.19
104510440,239905.3
8820901275,563225.9
3298700125,247475.62
323089172,431446.72
5364200477,614512.56
2222900082,392036.16
6641800020,692767.06
9358001422,303554.3
3438501150,291312.38
2206500430,530451.75
9272201318,605916.2
585000095,620790.5
7708210050,555663.25
9407000840,294121.78
4027701265,521196.9
8644210050,760903.7
8656800020,417926.9
3329520170,214138.2
5104520720,320239.84
3806000005,161845.61
2330000015,757604.8
1447600410,260621.94
8641500252,401779.94
6084600420,281473.44
441000115,415156.12
2597490030,720834.56
650000030,725675.9
3585210200,374003.25
5416501030,398301.38
5406500170,646849.25
2916200065,421373.1
3330501975,486610.66
1774220070,578354.06
8731730710,206682.55
7861500150,433915.94
1402630190,369259.47
9117000230,293732.72
7133300380,615796.75
4232400470,711746.56
1773100972,335136.72
9413400165,273440.62
7658600025,436731.1
6909700040,984522
1402900380,290148.16
6625910100,536518.75
3204900010,605066.25
5162100820,333063.44
5560000480,140413.3
1704900303,550017.7
8084900170,1831211.5
2887700091,688597.6
4331400190,286889.56
3762900130,386078.22
52000067,602256.25
5430300120,809631
8956000460,643499
8856950310,262871.53
3364900156,313433.7
9310300211,315794.06
6448000020,1454457.6
123039570,419400.22
7600065,523110.1
3123039171,465207.84
8964800445,1861115.4
7857000732,361893.66
7525410090,581801.6
9541600350,802733.06
3186600515,765521.2
4123820450,316582.3
2505500030,1005467.25
1541700240,330090.72
6629300120,354260.28
7399800150,479499.3
9517200180,342323.1
1313300340,472431.53
7967650010,377286.53
8807810090,383558.47
8815400670,799959.7
2310030500,282986.62
2241700075,298279.8
2287400030,298123.97
2827100075,260965.92
1310700390,297084.62
5498100010,454130.66
723000114,1498723.4
6431000987,493727.16
3356407665,208979.69
7852110050,546676.06
8677900123,462699.1
1917300260,233774.45
3396800280,572999.06
8691420050,912239.3
9368700006,298391.9
339600290,437529.84
1592000250,601911.75
1471701780,337336.44
8928100205,682693.75
5029450100,223473.06
5493110080,2472549.5
7883603750,269858.6
1732800175,837830.25
1518000290,332458.9
8604900017,544396.8
5379805160,279586.8
1254200835,577792.8
3179100482,450609.9
3313600266,186637.9
976000879,733337
8819900220,740590.75
2130701535,324553.16
1176001124,558510.3
7893805650,276150.62
3885806840,876668.9
3625600190,1323687.5
8562790150,836210.6
7348200115,204001.1
955000453,520597.8
6817810310,394541.25
4040400340,465414.62
1644500050,765924.3
8029500100,323224.34
5244801230,700526.9
1115100119,341873.2
9542400010,831600.44
423059387,608043.5
4023500990,276268.12
7899800857,257634.75
2976800796,224516.6
1074100020,288703.75
446000010,552840.6
7942601200,449858.06
3575305495,744514.6
8691310040,775854.2
6117500430,696753.1
3924500130,547446.7
2028701075,519324.4
4330600360,235558.77
1324079082,452349.8
9268200484,767052.94
9828701605,590570.4
7518506715,1017040.94
5315100277,1377813.4
3942900115,416780.62
1561930020,448506.53
9510970090,630922
6163900821,344291.44
9510300220,549839.9
3869900146,252498.92
9262800208,665348.2
2522029039,566530.8
6865200095,656530.75
3782760040,469032.72
4237901250,603009.7
2891000610,214384.22
2749600095,521107.47
5422810010,353307.5
3629980350,709347.1
2459500070,291901.1
5113400364,638793.94
7533800885,688081
629410190,723984.4
8651431100,187871.72
7960100050,556796.8
1842200040,446931.84
425200205,242471.1
9477201470,343300.94
7905200365,530766.5
6381500635,292072.9
6052400175,338312.3
1236300268,492142.47
6072800265,1609055.1
3423049311,223112.97
3755100540,379773.06
7852150120,360091.4
4180300050,376760.88
7625701935,310881.84
7132300550,414992.25
3025059093,3107637.2
8161000220,445997.7
7852011020,563926.75
2599200160,315315.88
5536500020,521263.03
2095600150,257722.47
8910500226,380465.8
1681400010,795500.06
1424069110,703351.9
5127001620,324414.84
7940710070,407159.28
2413300980,290363.78
7853400250,620700.5
9542801310,305855.47
1890000169,530492.2
2720000120,305588.4
9424400105,489339.12
7888780090,267619.4
3501100280,369281.3
3905100220,477897.84
723000150,987460.44
8691310980,763184.2
2297400250,476124.12
2892600056,227130.84
5273200080,487028.97
5145100460,464900.5
5561401260,554426.7
7732650040,943822.4
7504101280,902982.1
8581400345,277029
7129302800,386417.12
9551201560,575742.25
1546600020,619635.3
2648000071,250378.22
3339900640,227717.52
7853301240,452244.56
943100262,288106.1
7202430150,797134.3
3558000120,322370.38
3890600150,505036.62
7452500315,266329.8
7173700591,615924.8
438000015,634600
928000020,382629.4
3830700010,394412.22
3845100640,382641.8
6675500112,382504.97
1773100920,355668.53
9485940330,402233.5
5561000600,482692.62
1786830090,607688.2
2011000020,238153.02
8024200681,413972.8
5452301810,2046075.4
5515600075,295765.03
357000135,1270907.2
2541100010,581880.4
1090000036,633922.56
3459100300,399853.4
2450000295,967566.44
162500015,380376.94
2592210290,796330.44
5101405265,519786.22
1122069019,770908.2
7501000220,856841.2
1310900140,317835
3298700941,217078.94
1972200382,409820.4
5100402764,477691.4
2623069069,666096.1
6372000280,497507.47
4305600240,465494.53
2767602094,546619.25
2500600289,172961.69
7203160090,876042.06
3521069146,535014
824059321,1662703.6
9348700610,821640
7228501745,595270.44
6021503656,410128.5
5437400630,543120.1
2207100740,405093.75
7202000220,439398.12
629811340,762498.2
1324079029,299575.22
418000010,183534.72
6303400290,198513.47
4139910030,1235306.5
3023039066,372456.34
8698600395,203197.05
2799800710,336445.2
7351200050,885720.44
8564860270,481528.47
2591830020,403448.66
4139420430,1482544.6
9828201725,506737.25
2420069604,260008.5
7224000315,194878.94
3861470120,1954793.2
3222069151,277440.16
3869900155,340946.53
123039346,301342.28
305010050,669513.5
2141340040,674609.5
7504021310,674391.44
2436700315,586391
8732750100,351040.12
3298201290,358378.1
9241900150,999794.25
1180005220,253105.75
5540000050,295421.38
9211520400,241583.14
2623029078,376889.53
7132300695,414058.1
6430500219,430254.3
6084200100,359633.6
7140200280,265135.7
3904910610,646363.3
7625701900,448125.6
9432900560,331817.16
1388600110,234344.33
9126101201,331603.97
4224100030,385690.34
1109000390,563636.94
3336000296,230943.17
7504100590,773969
2025701060,257388.92
7527410080,610928.25
7304301045,269240.62
2591840050,448497.56
2767602490,441700.5
5494000040,1206789.6
2473251090,283527.72
3825500080,496324.16
2309710150,351412.25
8901001335,629090.75
1781500435,438222.62
8835220200,346527.1
4037500335,518687.4
1338300180,1945180.8
7968000120,272230.47
686050100,998974.56
1180008315,245433.64
1657300280,414357.53
7856600170,758986.75
4154303125,664966.94
3295730050,620770.94
1777500090,631652.9
203600470,671832.06
6673050020,387481
8731980680,264001.06
2273600260,574483.5
1000102,295633.3
4197400005,508641
3378100100,264335.12
7856620210,774754.75
9275700765,915802.7
1246700136,395952.12
4239400740,152570.33
3306300630,192504.4
2524049056,1024727.44
2023049245,237398.8
3210400340,280518.1
2621760350,312344.25
526059183,414983.94
8078460050,694506.2
7504110050,669841.8
3876312840,377281.5
9268850350,326828.94
8085400490,1018300.7
2722059185,475774.62
3644100101,341603
1321700030,611458.1
5608000630,1284530.2
825059349,1383620.2
6083000071,205450.17
9164100105,545919.06
1425059145,424601.8
5210200184,525203.56
9477201370,459564.44
2927600630,977323.5
2619920170,795041.94
1560930450,547584
2896000510,569823.1
3034200067,623565.6
4025300360,382956.84
3362401295,558849.75
2391600555,404399.34
7550801170,493405.7
5347200175,273867.84
8910500471,432769.12
7199340560,478667.78
9266700175,405009.53
808300270,423636.34
2487200875,436100.56
8728100781,284799.25
5379804888,257110.95
6619510060,472019
5416500680,432975.94
1862400087,481871.62
2126049277,404483.8
4137000070,304523.9
8081500060,2266821.5
686800065,887432.56
5561100180,536999.44
798000342,291543.88
5603700095,549725.06
7151700585,1467816.5
8129700565,630170.4
2782100260,685884.94
7011201106,419278.62
2423069084,564946.75
8141300300,315296.62
6601200040,295837.53
290200230,648127.44
1423900220,252529.75
7303200450,233317.42
3755100220,361370.8
796000235,224981.27
7237501040,1187649.6
7203220400,864754.8
9285800275,912020.06
2061100435,484760.7
6414100025,552974.06
5317100750,2702082
6145601000,431028.88
5634500775,520203.25
7375300160,595950.3
9558050360,519258.56
4151800420,541419.2
3751600146,233346.12
5302400080,568691.25
357000005,564352.3
7283900306,449615.72
3738900105,335489.12
6822100305,609106.8
7436000205,519898.25
3295730040,596272.7
1526300015,382538.9
3294700101,262534.3
8864000970,212420.7
5469502700,397269.9
8078520310,253364.39
6154900130,321672.34
8945200830,182946.86
1085623630,396877.97
4013800131,224786.97
2287000010,702187
546000930,629304.94
4051100390,236387.14
7203100120,627702.75
7523850150,292165.4
3826000665,272445.25
1311800560,213395.92
2877102180,515662.03
3221059044,686926.4
9169600110,551817.2
9510920040,782233.94
8813400155,793559.5
3896100130,1212763.8
2568200740,744523.1
1217000340,294739.8
6430500086,441075.8
5634500234,541899.6
825049073,489399.78
2391601445,1030273.6
7881500330,469861.4
1721801591,118216.17
2473390710,321138.38
5634500891,365797.94
5515600163,424694.97
2560805630,243488.83
8078350280,609822.9
9477201060,397259.28
8827901350,766635.4
3560800040,417573.53
3034200370,530606.56
1328300040,348748.38
2483200010,591901.06
6071800480,438734.03
6200017,213551.88
8149600065,915544.2
3362400615,479198.97
7518502945,540383.9
8001210120,260814.39
8682280340,494993.03
3623500408,2820039.8
3764650070,464935.97
7937600380,375782.3
923000580,757534.7
217500005,402401.53
5419800510,253575.9
8562901250,548353.25
2212200100,298071.66
2310100240,351408.22
8582010240,587340.25
8651410670,177421.02
3330501645,288071.75
8113101232,366881.7
7849202190,280479.6
1864700300,320246.25
5231000060,287489.9
1565900070,229758.22
7555220140,690503.4
7518505160,362376.8
3322049005,500479.78
808300550,417222.44
66000265,353397.8
2880100675,377939.8
1524079156,402957.22
3625700010,1415433.9
3259400024,366711.34
3205000310,374265.16
807800190,274476.03
2783600210,472009.53
9290870040,800952.9
2561360120,447472.62
8857100180,385150.38
4388000070,229771.16
3860900003,854507.3
1176001119,582797.3
6084600330,243967.64
7985000100,245006.14
8026200080,354272.47
3210600010,700729.4
7558300170,526862.56
7852180340,459259.5
524069011,649384.6
3361401011,143966.72
6117502455,278005.88
5602000025,210639.44
4142450490,325089.7
5306100255,365630.2
1795900120,526762.06
1193000280,941374.6
9238480120,565402.25
3630200780,873175.25
1250201130,498286.2
7796000095,1283909.4
8635760040,490304.66
9476700135,299441.53
5249804510,556130.8
40000553,228468.42
3204300625,784694.3
2596400050,386556.06
2724069103,372807.1
3744000040,465271.75
7525100590,439900.03
3705900292,433135.75
6169900790,1375969.8
8127700735,950916.5
3761700067,1072198.2
6065300570,931773.8
4022902050,484194.25
3886902590,553137.56
4107100190,2445321.8
2909300150,674622.4
384000135,468439.97
1005000036,376966.44
8856970530,315028.84
3448900320,587831.1
6713700100,373368.22
2260300060,2351815.5
7273100026,690226.8
1277000020,863477.5
2620069113,381342.34
4166800080,335961.38
8731902680,269511.38
2599200830,207787.12
7569500010,649711.06
1825069031,701678.94
4443801495,596636.7
7805450110,693307.75
3345700207,544667.4
1560920450,818850.56
3629950010,415402.47
3782100035,275346.47
5561400340,715562
1898310110,266197.28
2122039094,720322.56
631000040,592513.25
293000145,378964.44
8121100015,428849.62
3205200430,443190.8
2475900565,290412.8
1651500040,1861237.9
3955900500,422476
7907600100,290917.03
3123039136,329049.12
3972900735,272867.03
1424059130,498658.88
6792200282,258726.23
910000104,273237.06
3751600784,338269.4
946000295,409571.9
7749500070,287991.8
255550070,339231.78
5151600340,289810.75
5415300060,562523.2
287000110,572491.6
7585000110,191849.02
8121200460,497374.16
6891100090,945459.3
7575600100,289863.56
4240400140,597469.2
4046500510,310462.3
2944010240,1047553.56
3449820380,565406.56
7203102140,343322.22
8665900291,564854.6
1775930010,393963.72
1118001631,1238531.6
8911000445,317266.56
117000100,667794.3
9284800085,452486.16
2795000080,464541.06
123039207,341158.28
1312200080,227021.05
1236300290,1273003.4
7549800168,406949.66
6891100260,862790.2
6072000910,544692.3
3226049184,398025.7
1442880320,509279.78
23500190,574128.56
6021502070,535387.6
4168000110,186677.08
792000006,160405.81
9558200210,230882.17
3840700757,653364
3876311650,533473.8
1328320800,339150.9
5006000170,292475.12
7575600430,258823.72
7686202580,197277.67
2524069097,2089361.6
4292300024,380716.25
2726049071,350396.6
3526039019,763480.5
3300701365,445213.22
1274500170,200362.95
7282300095,280039.38
8562740440,687460.5
3761100045,2739941.8
2877104265,944395.94
7940710100,512059.16
6071000030,766249.44
6448000100,1590564
2923500230,2613169.5
6751300375,396503.8
7214810350,450750
1088800470,595881.56
7129300420,262377.88
6149700405,311201.6
9521100855,457303.25
1861400116,712205.56
2787460720,228656.1
6073240060,652006.44
291310100,428996.47
1247100035,984886.3
2626069030,2372966
1326059085,516879.12
6447300265,4323316.5
8651401270,184947.75
3524039209,896853.56
3226069049,1062364.9
7548300425,488736.53
1438000360,515881.4
1777600900,726973.94
5244800695,502648.03
3387900390,273939.16
1954700615,1093753.1
1026049036,276055.6
1683500180,242249.67
1939130420,659486.44
2021200530,960864.8
993002325,450402.8
2780900220,288221.22
2540800390,459462.3
2919700540,620663.8
2787250090,495548.5
8651442520,253932.86
100600860,205920.94
1437580480,920942.06
3886902505,618701.75
173000140,442602.88
5151800045,530791.75
3010300240,521814.12
2085200261,313209.28
1839500065,306664.22
1049010300,384973.03
1328340540,322932.88
8887001625,469787.03
5332200320,756267.2
7137960030,284886.72
5468780250,334624.12
2436200715,642304.6
5137800030,308494.6
1068000520,1168189.1
5379805121,405768.84
7445000105,487883.88
7942601895,681370.75
1727850350,1116680.4
9407150310,332136.3
5569620550,752402.6
3179100480,470826.7
3624039111,262182
7844200050,332659.66
3304040020,376850.34
7739100155,646442.2
6099400053,175859.6
7468900270,181359.45
396100025,338588.28
1160000255,361897.44
6300000320,384064.7
6392000570,328312.2
7387500235,359123.6
1121000058,583297.75
9828702120,534890.56
7715800310,410211.44
8562740370,744582.06
5637500070,414189.22
5561400470,652646.6
1189000205,462564.53
2412100025,365013.16
1073100065,328354.47
5160300020,537075.75
2770601677,526732.44
5104450070,442265.3
820079043,376388.8
751000190,384232.12
1823049179,368940.22
7430200060,1345018.6
3331000035,477830.84
1775910370,546956.1
3626039299,579787.7
1546600125,645325.5
3260810150,311260.97
6817800330,272082
414100045,385316.1
1326039061,374444.38
4055700030,1219834.8
1225069038,2375284.5
2296700260,448384.66
2822049160,238678.47
3395300260,501883.56
5144000036,335638.56
809002290,836930.25
7334501410,335920.38
421049114,189992.05
2623069010,805514.5
1133000144,532725.94
705710290,349242.28
7313200120,638980.4
1269200150,279957.4
9264930970,325378.44
6819100020,1696689.6
5112800421,270954.06
7846700850,255396.12
7227501450,249471.08
5451210150,691681.8
4140900140,439996.94
3537900180,833587.9
7738500475,438287.8
3541600450,425121.66
5379800040,320292.7
6664900330,271054.34
6056100312,349052.5
7766200013,535240.6
8651720470,449160.6
5690500095,850682.56
5423010180,773572
3204300610,548045.3
3425059066,538600.1
7856660130,1075539.9
2954400520,1120913
2327000110,871111.75
9526600340,743366
7695500200,450181.22
7237501180,1184997.8
2008000550,277229.1
1123059126,593936.7
1775500371,775055.5
3459900230,1809309.5
2619950310,486697.44
1771100330,307331.47
1321059097,363018.1
2420069278,274803.97
3832050570,323977.03
7132300525,438253.97
8691410700,757207.5
7967000150,322194.56
1328300810,362133.6
711000110,1258006.9
9485951460,446831.28
1771000970,325550.4
2817100900,262720.66
6817800630,402426.5
3558900450,509406.06
7215400770,380939.25
4222000320,205587.56
2791500270,269826.7
424069018,863741.9
9547205180,670274.4
5631500947,570824.5
1425059193,1113241.6
567000775,429808.94
3904900610,525875.2
3649100346,394604.84
1624049228,461696.3
1559900080,341588.66
2919702040,605871.75
4013800206,195206.12
1025039292,1119247.8
2771604640,787495.1
7203600550,228808.58
1545802830,274816.28
3303910010,614168.06
8617000060,900985.6
7889600190,234634.6
3325069064,474590.03
6300000337,504301.7
1172000150,344176.53
3348401319,360636.47
4188000490,805018.4
7779200355,707653.2
8029900110,428603.06
4060000290,233734.55
9475710040,385880.56
798000535,213522.14
6415100410,411868
4299700095,301296.03
6117500955,376724.6
2421039075,222945.58
3362401935,551031.5
1545800205,309744.53
7645900235,744555.8
4141000060,1207191.4
9485800050,639366.25
2436700280,811015.06
7335400400,222423.58
9294300495,731259.3
6649300190,417153.6
7950303270,394614.25
2391601010,411355.34
8129700728,602406.2
7871500685,620876.94
1498304065,520614.7
3862710010,421095.5
9209900335,556139.3
952006857,357633.47
2322069168,571502.06
1775801090,495552.75
5700002165,475339.25
4029400080,398028.75
7796100080,846410.56
9279700150,1912495.8
3876200060,422407.12
2934800025,315187.5
9359100101,969789.1
3330500335,350752.66
4027700466,337327.12
3204800430,426373.84
5415350770,795489.44
1443550020,497369.4
2810600022,292536.78
1238500281,583781.3
2591020140,473401.62
7137900960,232081.11
1328340630,297150.1
3529200190,320874.2
1624049291,725509.8
4083301120,665882.7
1873100060,654505.94
1773101159,267864.28
7214700350,497047.44
3856902250,595428.8
7169500130,522743.06
4038300010,403619.12
9578500810,438483.47
3345100184,375285.94
452001860,487052.66
7905200037,536904.2
9376301110,506779.78
873900240,292182.4
8682262400,415202.06
7227500910,160089.61
2392100090,516422.38
3221079050,419581.03
4307320280,355298.66
3211270170,476287.62
726059483,678712.44
424049043,730154.1
6865200140,621019.06
1155640050,379941.5
4139430250,1516402.9
818500100,195329.22
7999600180,169896.53
4099501215,870008.4
4046700140,374511.16
8857600490,193601.14
8677900120,526530.56
5379805253,171306.62
9211510410,236962.48
2337000150,255609.1
1423049029,281605.28
4036800580,422973.88
3942900010,363620.62
3438502715,391237.28
7625702441,381111.5
3905100610,507069.84
2218000335,496883.47
3034200516,388440.75
8024200625,418802.7
8564500020,345266.34
9550202700,438324.6
7518508625,642176
1822350070,392116.94
8921000040,863765.75
6648150090,1645048
2402100675,706797.94
42000127,280936.28
5100401160,482813.7
7347600507,228098.53
1839910300,346968.25
1250201550,762056.2
9460000010,278498.12
3356402232,195874.66
6819100150,665925.25
8645501330,267231
1556200005,835259.75
40000228,157159.78
7300410010,365032.66
4299000030,368153.28
2629600016,540326.2
662310900,357482.4
1909600046,501655.3
7893207490,210782.9
2524049318,1700757.5
924069210,742745.94
1591600527,329332.28
98000060,1282440.9
6392002020,632001.2
2719100400,451158.56
8018600655,464857.5
2141500020,474308.6
3277801580,467140.44
7237500110,1130168.9
626100023,583020.75
4319200820,366659.56
1422029138,604819.3
9517200610,383668.22
7334600280,276621.94
8820902400,508941.38
8944600060,557774.75
100100050,295158.34
8074200100,245428.48
1836980240,747908.44
6648500440,316674.4
9530100225,682338.4
2883200875,678689.75
4218400175,1076379.2
1022069183,560421.5
6398000171,543483.3
5021900160,688253.6
8078410250,576947.06
7972602490,302252.66
1962200435,769062.9
7221400285,222454.33
273900030,231118.55
2708450020,492092.72
4083306616,466709.38
3034200435,585056.56
7855000550,1338557.9
871000155,674690.56
8024201714,482892.9
2625069038,1345261.1
2324800350,811618.56
5450900010,1403898
1822039225,540439.56
2460700700,277901.44
6679001060,303821.34
2422059111,335931.25
1250200345,260399.34
5589300370,337035.47
2021201000,1311036.4
4302200336,272634.75
1328330290,337492.5
3438500781,397523.44
5453700020,662466.1
123039147,394150.88
8691310070,894027.8
6450303785,324206.06
114100234,461793.62
9212900820,483467.97
4270600025,292182.7
7201600190,490838
521049227,778572.2
6300500479,394403.2
1432600100,219867.69
1024000109,333861.34
1430800100,345630.38
9164100125,509076.78
1925069183,456607.3
7852160080,903400.75
5317100780,1400382.5
4083304835,542813.06
9478400080,736054.8
4463400195,202204.98
4232901525,561550.9
3845101070,377253.8
1843130980,301585.53
3810000480,329514.8
7137960440,292349.1
1231001115,464368.3
5101405340,508279.28
3723800409,579468.1
8651430370,201156.36
6135300010,217705.45
23520380,492211.94
2935400100,567099.5
6137500320,932481.44
7841300230,325542.03
3521069051,435699.8
2621400080,292296.12
5104530240,344938.88
2022069200,439027.88
5469501850,407112.7
9206950110,319917.8
3298300210,382605.3
2810600015,400783.03
7298050090,509128.25
7202290620,465715.66
3211290370,445390.28
1591600506,358722.78
2827100070,368520.34
2482410130,400491.9
4364200125,438931.16
6388910730,577783.44
7436500120,517649.16
1822059156,748285.1
9432750190,483396.97
2205700405,436435.47
6056111370,319611.94
3205500160,404902.2
6139100076,370689.88
723069135,419318.22
4123830070,313981.75
2472920740,450377.9
6134500220,626711.06
2734100395,226363.17
3574800090,451196.88
3126049107,558794.3
669000210,1152895.9
1139000620,290875.97
3825311190,697233.7
7300400320,386734.9
9407150250,286930.03
3679400503,324451.66
641900050,397601.94
9169100130,500085.7
8091800140,327950.44
9547201155,525675.6
4154302045,303608.16
6638900265,788216.44
1423069063,440271.44
3335000025,462162.84
9269200650,239315.28
1781500180,360891.4
9211500520,220866.58
1853080150,861586.4
2767704756,430882.16
2206700295,408058.4
2557000380,305587.53
11520200,743090.25
3832710680,244365.83
2569500210,319114.28
5230300210,229928.1
6447300225,1692962.4
5035300325,1121363.1
7853301660,738220.06
5411800250,333238.5
7203210170,683416.8
4302200415,277476.4
7942100290,217370.2
3629860160,766679.2
1423069076,587159.3
525049085,592803.8
3306200230,224425.81
2193310300,503278.8
7978800621,254122.8
4027700632,453656.22
1761100190,229470.48
2749600245,557039.56
322069141,477535.66
1900000035,206888.62
3361400190,190784.05
1604602050,490639.56
9421500160,451657.1
7788400180,282067.3
1566100625,498843.44
3861500340,222755.36
2524069072,302143.44
3013300980,475643.06
4191500130,570968.2
9407150130,319141.06
3904902500,696265.56
9510900140,256815.4
3368900084,302208.56
3432501415,301901.2
4254000540,461711.28
2767603250,554417.2
2923501130,624330.8
9183703045,278692.06
5279100675,302782.94
3905080310,518267.1
2461900375,698880.06
3346300356,585795.2
1865000110,353780.88
9264930400,308534.9
3447000100,627389.2
2313900510,494839.16
7518507330,571509.7
9368700270,218698.48
1137400420,381450.03
2023069054,340116.12
2141320230,640326.7
9536601295,335895.7
2424400130,380531.12
5210200081,431694.06
4443800785,525634
7292700005,521575.3
9834201205,304016.1
3275800050,253655.23
6926700654,693293.9
7511000140,1322467.4
6821101895,607089.25
8964800695,1274701.8
6821100195,704517.94
1226059105,601609.3
2806300070,1242760.2
1720069029,271798.53
6384300020,476915.3
8928100125,602904.5
8562770720,590760.25
8650300130,694060.56
2126059172,445183.9
8812401450,742592.94
6646200280,627033.25
4021100045,508313.2
1155620190,385431.84
6061000010,364462.88
3362400472,398783.7
9558020240,487083.78
7309100270,545927.94
7137950210,331417.1
7849200635,163840.72
1311200460,256378.11
284000095,1388033.1
1509700050,317489.66
3438503014,280893.4
9406450090,347175.78
5096300140,402228.12
8923600020,1394680.9
809001070,746216.4
2291400342,309090.34
644210020,715761.94
6700390090,245248.33
5631500285,713770.9
104560120,285783.6
6413100311,391300.3
2558700090,435999.9
1471590060,732546.44
8914100170,598134.5
5652601035,345295.3
7852120140,763670.56
6163900952,349372.53
5215200050,804617.75
6352600490,753441.6
3912000020,596880.3
8830400135,233577
5467500040,432399.06
9406570300,428125.1
109200390,209317.19
2025770310,682015.7
1939120450,665580.5
7524900003,2773217.8
3755000120,373021.56
2473002850,490277.56
7625703945,375448.1
9477000190,400125.03
1727500230,418965.66
7011201087,440472.2
5561300750,465826.72
3969300030,202126.7
8097000330,318307.9
2025049064,752925.2
985001321,223410.2
1775500050,531052.56
8849300160,368928.6
2316400285,484759.3
2423020180,677591
7128300500,488741.66
9512501400,410553.88
7200179,206136.88
5490210670,503964.2
9527000330,623228.5
1972200326,557875.25
4151800195,649757.56
4046500320,380482.16
9834200885,476967.62
8161020050,553267.9
2891000750,211367.88
3426049031,1161717.6
7387500195,282009.75
6303400395,146767.86
638100015,409514.88
4107100204,2485137.8
537000255,222099.9
985001266,282587.5
1137410040,458109.03
7229900250,240436.22
3905100840,502026.22
8100400160,681330.5
1346300150,3111213.5
1443501020,200498.1
5490700035,335697.78
1954600050,431506.38
8122100690,426198.22
3663000070,484131
5101406375,504800.66
426059055,636264.7
9268850160,360753.06
8731800840,263439.44
3331001910,317181.56
7603100020,1019574.6
809002705,748102.5
4364200075,301434.28
1113000430,167337.69
1176001117,591270.9
3320000212,393974.25
9286000150,1368971.1
301400830,243979.97
425059024,580694.6
8835350300,499133.25
7100000135,293152.3
7696600240,210934.12
9808640320,968379.7
3764500180,567499.9
326049060,571419.25
4017110200,417765.53
7224500300,266143.47
1560930050,516341.12
726059395,428056.5
8964800890,2978087
4045500620,665849.06
8562710250,871903.8
1775800710,357185.56
9528102865,761390.75
8096000060,706735.25
1591000015,300449
2310000430,299662.66
3902300350,657565.94
4068300280,256901.88
8732130730,250343.36
6791100410,510463.78
7660100236,421029.25
2568200070,816582.75
7697870310,250769.17
8562901100,629361.4
4016800120,316728.16
7338200180,542929
6791400320,267500.75
616000200,403004.88
2917200675,454379.75
2926049086,655245.4
3621059048,425012.62
7987401095,644650.7
5589900590,325881.22
855700170,514548.88
4030500130,303976.97
1755700060,373600.78
2413900050,686984.06
2489200250,493441.9
420000085,242359.66
8106300820,506797.2
8651730580,466418.8
8106300090,428327.25
9842300095,397739.6
9477000280,389189.78
2877102495,486732.72
868001030,937372.8
8564860110,552652.44
6762700452,527943.94
3294700310,198205.88
7231501665,245301.19
7525900050,485705.62
7882600326,1545170.2
104550690,294779.16
3425059076,1168348.5
8835770170,1888072.4
2581300010,1219005.6
844000180,236455.69
7888100240,229983.58
3845100670,443142.66
4027700812,456995.03
291310390,343289.16
9550200370,626369.9
2328800130,271423.72
2372800100,241022.8
2923039264,696955.2
9282801720,313315.94
9520900230,569221.4
985000955,276786.06
1099600090,216370
9211010320,542137.9
3825310820,812482.06
9545240180,537044.5
87000245,182453.6
5041300100,601403.4
3624039150,256365.16
1370804430,604588.6
722079056,470864.4
9126100815,477196.47
1770000490,352660.16
3995700250,411508.78
7214820400,391086.94
2473411130,362488.78
1824059079,955293.1
3080000030,471246.72
984200540,320670.75
524059063,1732045.8
9482700475,715435.75
8024200820,519120.9
8568700015,372062.66
1223089050,379316.62
2205500400,478415.4
1279300085,681086.9
7376300085,485164
322069020,452844.03
291310150,350933.34
724069059,1882006.9
5255200220,388640.47
1931300850,430126.3
4427100105,422440.16
2881700231,376492.56
8641500280,261752.55
5406500440,670106.3
8078390150,697529.7
8945300090,200046.95
8819901030,838193.9
3179100220,872359.56
2126079046,324102.2
2621750350,315254.84
4014400190,461496.47
7853420110,599034.1
2114700368,307630.84
3438501081,252555.75
6850700670,738750.4
3352402272,237438.2
4157600150,650876.4
8151600941,276333.47
5160300030,600722.4
3820350120,322161.4
7338000800,183159.31
3359500110,715434.4
8016300240,651621.06
7203120050,837516.3
3322049201,229548.84
7231502505,250385.39
8106100105,4947285.5
3895100039,988579.9
1001200035,225080.2
2724201202,233191.52
4038100110,522868.7
8827900015,598117.4
2644900109,412349.47
302000375,229359.56
1604600095,377081.88
2600040160,643622.4
2129700525,280483.88
603000555,372731.38
4083302225,858645.75
7298000090,436004.9
2484700015,553868.1
8945100320,196986.1
5112800042,418738.38
8091411100,283360.66
7375100070,460849.94
7577700061,587851.3
7923700030,437101.1
4235400186,409584.03
1498303700,683700.4
3876312350,390851.28
3797001815,452878.16
868002015,1429482.4
597000550,393526.28
8956200530,405263.78
2207100165,512495.4
7942100180,217985.52
2468800040,336693.3
9842300036,372167.34
5700003985,2012226.5
2988000070,387144.88
8857320260,475517.88
2600040130,567217.44
6632900452,582768.4
7518505910,533426
1672000170,627408.94
2597800010,566798.9
8562790720,738663.7
4219401080,2030902.1
7000100711,693235
7954000125,537834.3
5700003640,1974319.2
5700000275,647158.4
4019301205,456874.75
8943600360,294740.66
2954400400,1128353.1
1321400060,269164.62
2255500123,667883.5
2781260070,393948.3
1313000220,723032.2
1125069153,1458227
8899000310,278758
4139450360,831213.5
5511600315,597590
3575302575,481464.16
3226049054,494434.44
274100090,287090.16
1545802080,238941.06
6669020500,292906.66
3307700405,632334.56
3760500407,1842914.6
7853270100,715900.56
9320350020,568279.2
7715800430,453414.88
6791400100,355089
7708000010,401616.75
1448800010,283703.78
1782500035,334035.88
3449500050,523619.7
2856100515,776386.4
1245000461,1012761.94
1219000043,315670.3
5409800110,369494.1
2680700010,643603.3
8143100350,372192.53
2597150270,283840.47
2966800010,301293.16
8854000010,666524.4
2207200635,437045.66
1722059222,296199.72
9358002305,373445.47
6392001950,470384.2
3630080070,380291.7
3797001702,896644.9
8127700440,659928.06
1446400785,226794.48
5016002275,854610
2818100060,1159593.6
6431000748,384670.25
7972600450,321314.53
8078570380,313054
7889601320,174783
1762600280,1001332.44
3026059085,1456725.9
3475000080,732832.2
1370802620,638606.94
5151600285,281954.34
2722049218,328294.97
7696300080,388565.97
4168100020,227257.81
1474000050,444263.16
2473480350,324217.5
1139600270,289191.78
6699940120,364434.38
7016100120,404879.03
6752510010,760863.8
7915100490,604629.56
984210170,330180.44
6159400030,419721.9
3013300968,371810.1
6404600006,236222.86
2770602170,508428.6
1922059401,200832.22
291300010,325732.1
3856905185,503529.4
7304300905,323377.28
3416600185,587682.56
1786810040,693559.06
4354700010,407102.6
3902100175,861080.4
4305600360,457718.62
3622069114,611622
4376700570,635763.06
6795100589,549197.94
3344500085,446215.94
2206500105,420672.03
8731900880,363989.44
1682000160,214524.31
5104200380,252237.55
1982201595,550333
795002190,186481.88
7228500375,563329.56
9412200280,405068.25
5071401000,839272.94
597000566,320556.4
8151600101,178548.25
2028700265,527686.25
1670400090,132065.31
7851980100,1120486.6
5595900345,376485.75
4046700300,398691.28
4324210120,280872.53
2616800050,541014.56
1525079069,639376
9828201020,532742.2
2723069146,691098.25
9468200100,589080.3
2883200961,551664.56
1137300690,674623.7
2473100280,360410.56
723049448,226666.25
3066410810,682052.75
5700003280,960598.2
9268200440,406114.94
4053200410,372779.03
1234000704,1255443.2
2473372170,413263.2
2523039239,244639.11
4324500490,201634.6
238000244,437343.38
1105000571,381991.72
1771000430,314693.44
666000142,764666.75
3389900800,409971.7
3578700017,576894.25
3629970190,710328.7
255450250,328593.47
1154100205,257572.1
3629890190,993142.1
3905080870,535786.06
8155820110,295479.16
5135000170,764230.06
2464400435,668937.2
9482700080,524151.28
318900080,404112.53
9477001410,396946.84
825079019,683220
1471701200,405645.8
5606000120,915850.75
7853350220,611111.25
1776460110,445587
3904920980,683042.2
8087800430,591017.2
3298200320,406063.8
9122500080,307948.75
7893804845,332522
1370803730,606794
8001450170,298040.97
5561400260,705987.56
7308600010,761149
3524039060,266802.94
7300400150,355896.22
207700050,541455.9
5595900355,237326.36
2652500285,754046.9
6744701310,2068506.5
525069127,1228964.8
3334000050,515892.22
8682220390,706818.9
4038700380,557604
8073000265,374372.97
9521100960,680636.9
5634500688,837230.4
6813600440,436454.22
1072010350,524764.5
7853301700,648906.06
5141000571,263435.44
2013802060,583472.44
7852070210,1318340.9
1402970070,324507.97
2310040020,355320.03
646910560,261936.84
6647400090,432744.75
8682231110,566937.25
4376700330,596970.25
8069000075,829465
7147600220,208871.3
4142450330,266833.47
5101404698,439167.72
6154500070,950046.3
1592000640,612179.3
3756900027,530052.25
7203220130,943049.5
643300010,495260.75
8651720150,491143.78
4139400910,721918.06
5054800110,313664.53
8835200330,434074.44
7682200340,255500.16
7203600745,351828.72
1895000260,228212.98
7922750020,543848.3
5437200050,402253.06
8732160250,262330.3
1442870440,506561.38
1471700410,402365.1
3204800330,384572.3
1923000160,952128.9
2719100013,390804.3
3814900380,360521.94
326049038,505734.03
1068000110,1006082.06
8835800010,1094289.5
1560920200,476787.53
1668500090,698620.1
2597530070,844006.94
1139000035,615609.44
8032700072,549426.3
7732300390,709751.06
5130000080,505928.44
9276200890,476408.9
342000036,432969.75
5126300060,500385.78
2331300505,662035.4
8651410090,166780.06
200800330,444063.22
7520000616,327077.12
7170200110,491242.62
3021059155,204212.28
3582900280,1003379.06
7340600845,228197.53
3905040060,536318.2
3224800120,318528.97
6021503740,527822.1
2570300130,476736.6
8121100395,420143.22
3356404198,258073.2
3630090050,779151.56
923000413,432115.03
9201300020,1657495
1777600210,696123.5
7738500731,4625008
686900010,873535.06
7967000160,328733.6
3413700130,608016.9
7852190290,595663.4
1180007375,702752.44
3353404510,279334.94
7802900380,330599.5
8021700715,634404.56
3205100080,415609.3
4477000290,525571.3
1118001645,1365080.9
7979900806,316824.53
7228500415,625231.1
7212660640,319642.44
3826000735,190885.4
7714000250,421413.7
4400200057,654004.9
2487200279,562831.2
7140700690,271564.6
3304300080,609379.9
2887950110,263113.8
3760500222,747835
9269200786,345644.88
3734900110,223165.11
5045700400,557909.3
2140950130,435039.66
2612000200,385161.78
8563300085,420285.88
2425059173,668086.75
8091410930,295335.75
9422400035,649471.94
1112000100,707505.4
1323089056,413483.16
5015000596,857698.8
1535204165,509838.12
1438000430,488327.47
3222059130,495400.6
1982200330,640031.2
6624010010,241384.62
2303900035,3741058.2
259600620,515799.72
6072500490,461198.6
123039633,315405.8
8562780090,319833.9
5249802240,602882.6
6071200400,546817.94
826069002,333918.66
2625079030,673988.3
6742700210,1222159
9253900408,1691145.5
2560803085,242027.52
1237500540,378635.72
425069020,1013191.8
9185700440,2510061.8
8656300345,389769.22
4245400045,234524.75
9834201370,412714.94
7853300770,424217.3
9551201295,486306.78
898000220,232825.3
3834000720,353459.47
1245500690,771782.8
4083304190,641497.2
4178300080,759372.6
2960900045,622654.06
1446801030,240559.84
7855800910,791097.7
7853310150,614206.75
8732131090,307118.44
7967600285,456792.84
8651520510,576612.06
5379802650,217624.92
1425059174,465741.88
627300105,911827
3124089049,487882
1778350270,706614.6
8691500410,383897.72
9169600043,558931.8
100300500,303798.16
3221069054,692668
4443800385,528628.6
7922710450,750405.44
7880020030,660469.56
3288020050,340754.44
4136980090,684195.44
1687000240,303462.84
7812801785,220050.83
1126059144,642875.2
792500260,375632.9
3222049055,667884.8
8635750090,702276.1
2767601280,807165.5
5347200162,211006.77
7503800210,268394.88
3394100020,1018455.1
7663700783,402918.8
9454200030,449330.7
3791500050,302779.16
582000185,609732.1
3211230260,411868.4
323059103,397952.44
7297700055,366754.34
1545805460,251906.52
2341800195,285017.44
6648700150,284229.97
3860900035,1764008.9
1980200236,658447
1180002745,302968.94
3275890310,677254.4
6840701100,481951.12
8651402750,194656.78
1588600045,364829.06
2422029094,277759.94
1702901500,366703.28
3755100005,486138
3624039074,335839
7950302995,425146
5273200060,617092.5
8025700460,274674.53
280610020,958408.44
3333002450,243754.61
7379600240,473064.06
4058802300,300105.06
302000065,188612.42
9527000180,565913.6
3626039403,338355.22
9510900360,248126.69
2310040230,366313.56
7308900490,589528.8
2206900065,431542.2
324059161,1054423.2
7345310100,232746.48
2422049107,319506.2
8146100095,682547.25
87000283,350574.75
7937600010,305784.3
2618300350,232654.39
224069102,525860.1
7129302095,215014.86
7352200025,1202324.5
6163900333,331774.44
3528960020,672355.75
1687000220,308554.62
4141400030,575489.75
1822500160,337413.66
5467910190,333671
9331800580,281499.5
2407000405,192144.55
5466700290,271564.84
3026059361,538462.5
1523069096,445097.72
3876312010,443644.16
8832900135,756404.2
9238900616,575164.9
4142450040,290271.03
9282800065,296837.1
5379800862,342620.62
2459950010,284758.22
4435000520,213859.83
1552800010,313890.44
7549800543,310237.94
9828200460,431028.47
6345000160,1008803.94
7129304105,305155.66
4302201005,302223.53
2450500110,719408.1
5166700050,555122.94
1085623710,390428.8
1123049129,290154.25
8566100200,906457.56
1774000780,461234.22
9492500170,828517.1
686530530,583350.56
4022907770,612079.44
6052400975,270492.97
3438502501,463281.94
3758900023,1278212.5
1645000580,281290.7
8099200030,226214.06
7635801371,455420.94
3456000310,817997.44
2025059150,807974.94
2624039114,513360.25
3348401095,308637.3
6633900170,506613.06
2600000510,674192.1
9414700020,334464.28
3204800520,390237.84
1844500025,359836.34
4137010590,377207.75
8564950280,507233.8
1338800491,822769.94
4058801702,900880.8
461004720,582086.9
3123059107,637502.56
6819100380,578150.56
1193000390,994365.6
3450300270,338806.62
3110800040,248555.38
1437910090,575684.06
3645500050,417470.78
4338800600,226538.11
2114700530,337341.6
6381500450,357457.16
9206950200,303469.5
4232900940,786567.44
1025049174,1060290
7774200070,739295.9
1231000310,548288.94
8155870200,309927.44
7935000625,1205343.9
2426049079,371643.12
4037500230,483781.6
2331550120,323764.84
7974200765,499838.25
686200510,554712.3
4024100670,494778.75
3834500195,492342.9
3526059115,609788
7950304075,323519.78
1386800054,322001.38
9834200165,571215.5
6147650300,300102.22
6891800360,588329.7
9170500060,588754
65000260,783558.44
7784400130,544154.94
7941140070,355998.38
2122049096,181956.97
6003000851,330568.94
7203220050,957495.8
8898700960,291314.88
5245600105,193066.64
3530470190,193304.86
7883603965,279897.06
4022902505,475951.16
3211100240,339419.16
5119010090,530869.25
3821000100,256043.36
7301300050,384985.12
2171400197,363270.9
9471201175,1470872.6
2473450200,388790.62
2258500045,446742.22
1139000400,467177.4
3298701025,255655.66
1498302774,289920.22
9276200190,743741.1
2909300240,684545.3
1250200693,553498.5
3101500010,344899.06
2557000630,277983.6
1324300091,407559.03
2826049260,439390.6
3342100421,750045.56
3524049083,406602.84
9103000393,1521522.2
3121059033,241281.52
7853240200,616560.7
7950700120,296788.7
1822059057,157436.25
1219000473,302080.9
9272201385,728366.75
1336800185,1216112
9268851630,437829.12
2788400315,230603.8
3529000930,586940.44
5631500967,436918.16
2188201010,254468.61
8562970040,756283
4415600030,353319.62
2473251170,271499.3
7511200020,561793
1163400020,258303.42
5412400180,253132.55
255450400,344854.34
1687000210,307715.94
6749700004,297102.75
2738650030,604379.4
9136100420,737657.06
1924069115,868806.1
714000155,576783.1
904000045,704867.44
3395070640,263814.56
6308000010,579193.56
2695600130,347569
3626039279,361933
1623089039,246917.39
3438501327,340360.16
8118600025,415126.03
7625703435,841916.75
1807900300,593451.44
1862900360,292376.12
2768100186,470420.06
2524059269,906174.06
1126059108,1030046.7
7856610130,860679.75
7203000200,248439.72
3630120700,742576.7
1612500090,219792.44
3586500620,921149.4
5207200360,408471.5
6675500035,421566.03
1781500385,338922.3
1150900080,832617.75
9541600355,856481.75
7525530670,762725.8
844000375,314782.56
9578140180,348378.72
9558041130,343023.75
1788800910,186365.25
9550200225,506122.9
8643200055,261051.05
6143000020,285453.2
8941100095,1054022.1
3630010020,430228.06
2895800610,319991.66
822039084,925797.6
5423600080,606967.6
3992700775,453640.22
3816700150,413809.8
4083302485,753382
5127000810,332886.25
1725059182,1225572.9
9485930120,372579.62
293850040,634880.3
8731981940,336554.62
3330501545,292198
1026069061,774815.3
8121200710,509481.38
3764390100,455819.8
9493200010,315877.8
2902201301,652541.44
3444120130,444789.25
5256500025,476837.56
4022902715,591376.3
871001500,689121.2
2329700440,188466.42
1773100275,249416.36
7852160070,907295.56
2141330560,579943.6
2505500009,686320.7
8647800150,327095.84
4337000200,233137.25
9264901680,276877.4
1773101050,324997
9320990120,312781.22
8856960280,319845.8
5589300585,279027.44
7935000595,957809.94
7203150080,666640.06
5616000030,302703.8
825059178,4433783.5
6666830390,724906
8732900840,634974.1
2095800520,508190.1
1771000760,339629.62
1901600090,376243.47
8857600680,222978.95
4038700830,608030.2
8956200070,378377.97
8081500050,1985220.9
567000755,426939.44
424069264,735337.8
1564000410,937618.7
2817100910,318336.75
3303960080,902175.6
3340401535,186486.5
1622059095,290988.62
3278601940,392615.72
7202380120,477195.12
745500010,758445.5
6608500220,399628.88
8024201055,384338.75
8929000140,433809.2
859000160,266884.38
8673400061,391096.62
1269200229,1149277.6
6705850300,812206.25
3395040550,323220.03
1697000370,217187.86
5245600120,229456.92
8892900180,214646.28
1794500360,834340.25
2025049192,582881.8
1930301325,951302
4217402162,1513034.2
8126300410,558199.9
3345700215,603563.2
2887701420,436367.22
2887701251,479976.97
4036100175,722215.56
6762700515,1142656
3192000085,188930.53
226059096,1349646.9
9238900855,427341.5
6706200130,362523
2744000010,266377.3
7202271060,701204
7923200150,542504.6
162500030,309370.22
2571910210,271003.94
1523059105,317321.66
6052401215,257672.58
6626100260,722841.25
8925100115,1238451.2
5459500165,646830.1
7686202635,182666
1118001370,1385528.2
122029066,408523.3
8039900130,347182.72
3262300235,1113109
8860500300,359073.25
8956000250,575773.56
1646501920,542745.25
9284801500,407515.5
1442880380,474609.97
1311500020,253905.98
254000695,373425.53
9477101280,403926.8
9510970530,650662.9
6891800500,608165.9
9407000230,309829.34
7202340590,681609.3
8151600590,352458.06
9407001600,308026
1771000690,317612.3
1525069134,1118051.8
8645540040,283488.25
9414500200,399157.34
7883607645,178454.8
3845100140,327607.53
2726049164,457916.84
4340610040,286881.34
1245003006,1131580.6
1105000373,280197.25
6083000123,217320.05
1777600450,664761.5
9558000100,411844.84
2473002060,327318.66
943100689,353457.12
7544800395,444740.88
1931300090,622394.6
7936000252,565862.9
7987400316,251089.61
5152700060,709689.5
1721801025,182497.1
3438501450,325672.44
9222400510,399859.53
1796700160,271533.5
323059208,347016.56
3392100050,183785.72
4038500210,689897.8
6324000090,450647.28
7549802535,401897.22
3343900326,491592.7
5701700640,772619.4
5249803185,557477.44
8838900032,860949.8
1237500577,973104.9
8642600090,340467.94
3303100075,455559.5
2133020020,365211.28
7950302890,464838.88
2770601734,639363.8
2538410140,340637.47
8159600360,559049.6
917000300,421104.75
2391600330,413853.22
9285800585,473991.2
2005950050,240386.94
6450301835,350732.6
2473480520,335512.16
2818600010,1391927.8
952006728,327176.03
3422049088,306181.75
3629870420,910241.4
1079350090,315416.03
1509500060,377151.28
4039000050,470807.4
5288200230,712614.6
626400020,746235.56
5457300095,1470951.2
5000500055,225153.4
324000530,446831.7
6713100031,425186.53
3316500200,471372.12
3124059006,1253556.6
1125079111,1416254.9
7852020300,477418.62
123039364,223918.5
7883603190,259939.08
9828700900,595870.75
6821100015,670608.2
9522100375,742077.56
2420069201,242629.31
7504110330,772639.3
475000510,543175.5
2425059074,933198.44
7518503685,494679.22
5466400550,217452.72
7852150720,422138.9
3066400140,619273.8
3298400470,534922.7
2902200874,738129.94
9500900110,210641.64
8835200160,347079.78
6056100295,299994.62
1858600042,341663.94
7224500010,293700.22
5457801925,866704.94
7575620750,255608.61
2391600735,481694.28
6192400180,811504.8
5249803870,563650.4
3575302880,394073.1
7225000045,200858.08
5561720180,274098.84
1972200428,523785
892000025,161304.44
2944510080,285214.56
2428100100,809404.8
6647400250,445697.06
121059038,442367.8
6398000191,541443.44
526059103,310779.88
8856960720,309358.72
3832500260,264234.8
1623089025,500511.75
3625710080,1030949.9
6446200060,716359.5
5706200370,453114.03
5515600088,219484.94
8029500360,332991.03
6700390150,238796.86
642500080,408670.22
6150700264,388602.66
2473371780,367245.4
3905120540,577548.75
2652501215,730200.75
3176100110,704162.6
7574910650,761775.7
6385800030,294200.06
4443800960,571623.06
8731951490,292872.88
3380900125,334337.38
9828701508,640361.5
6699950310,369987.4
3321049112,403889.06
1824079052,945408.8
8032700140,810324.7
8679600150,562939.1
5040800120,916373.2
2026059119,405754.16
4024100951,432679.56
7212650990,316388.22
936000060,355044.97
6181500340,324912.4
1137400050,418010.22
3324079092,419639.47
4268200055,311964.1
6145602240,372618
475000176,411481.7
3279000120,229266.62
9392200030,269405.25
3438500714,348207
4306500070,362157.75
8588000610,178442.55
792500190,393244.16
2461900850,473028.88
2660500365,310869.7
5451210100,821589.1
2787000040,303728.62
3278602670,239976.92
9528100899,626576
1324079085,347030.78
9477001140,357403.66
9521100880,705438.4
7853210060,424263.03
1326069094,462502.78
3420069065,369680.9
5468730280,268773.97
5437600140,330699.47
5127000410,354526.62
5445300050,601678.75
3375300360,246076.98
9297800165,554278.1
6021500840,618319.56
4323700230,432178.1
643000110,255255.14
8043700105,2370460
6824100014,430493.2
9542830480,328863.4
736100065,977155.75
2592210510,800632.9
4233600260,1004086.44
1266200015,769731.3
2787700060,334020.9
8843900396,331859.25
8029500380,278538.22
5292200010,432066.4
1773100980,338234.56
2886200070,562161.2
8594400110,338649
9268850180,318871.5
4141800285,1690249
3188100007,437446.8
1796380960,284512.84
7202330030,496574.12
8078440140,542492.2
7983200060,207172.14
4427100025,412471.38
2113700510,269143.84
6446200305,664442.7
3425079088,568053.8
3304040130,351985.78
3222069153,297463.94
5127000470,376349.7
7525100520,387467.34
1868902745,823586.4
2920700220,378969.5
1105000780,392333.12
8563080020,830063.25
3630090110,751623.06
856000195,1978473.4
8649401000,238424.58
1315300095,788536.75
6802200670,252249.81
1523069022,348343.5
2624049165,497590.5
1972202080,581547
7211340030,267213.16
8850000180,422356.78
2787250080,520614.7
4235401055,503293.7
5226500250,482294.6
3294700421,328937.75
322069180,676324.3
1025059186,512390.34
1923039022,602425.7
1402600110,377754.6
6817810190,408148.72
434000030,617872.75
6056110460,572385.7
4337000285,246272.55
5710610250,548994.75
1049010620,238283.86
5112800234,368772.06
2309000060,543985.25
2985800030,472747.9
1604601570,360943.03
1563102435,799321.4
257000105,174983.47
6788201440,830717.4
1442300005,428307.66
4055700784,783456.06
3889100029,780249.9
4139450760,1031140.6
6079500230,661778.44
259601010,429412.34
3980300020,252486.4
9390700100,537128
7200001005,532288.2
9264920250,276944.22
8682260470,450478.84
4083303815,818484.4
7383450250,358109.22
253600180,447558.4
1450000210,170616.97
1133000100,435260.84
7511000050,1175184.1
5710600030,533412.75
4178300310,727044
3041700570,525633.5
1238500978,417137.28
431500155,581598.56
2937300050,1076270.5
1352300315,189664.73
3277800823,344053.78
8895800110,1080260.2
9274200318,615544.3
1118001805,2369757
629810720,823547.9
6852700476,613406.56
7345200650,223315.84
8929000290,430802.84
5506500170,589658.7
8899000140,241317.42
4006000423,260314.67
7137910140,258271.16
2423020010,441789.8
40000362,134640.4
1657000070,224687.73
2124700015,219372.36
1887500045,262094.52
6838000170,429153.2
1310910290,311807.03
3599600276,213091.48
8142000080,370494.78
8856971000,284790
624100950,735725.7
2767704332,450538.56
405100165,405013.03
6117501755,415990
8961950410,317694.4
1523550480,573131.9
6840701160,579170.4
3331500650,314354.78
1862400517,346946.72
9558021000,374177
1310800090,204577
5104511040,373184.88
522059189,233055.67
3448720020,375857.22
1310700330,273334.25
5649600462,332623.2
1853000510,1021249.44
8128700005,311681.28
6352600210,806594.56
3754500010,824369.06
1962200475,847131.7
1773100765,258623.36
8895800200,979077.3
1310900260,301438
809001525,896033.7
2624049103,351581.53
9191200380,605506.7
6600060120,433420.06
8150100045,257069.52
9558010190,368828
4038700930,552187.25
2883200775,620898.8
4036800910,452359.72
8673400177,597518.75
7110000068,898740.6
3279000240,244322.95
9545230280,493997.03
8815400105,617906.94
6738700075,812866.5
8732030490,289683.94
9532000070,543382.75
7752400075,517993.84
3824100051,393721.84
2768000270,515028.5
108000127,529776.8
844000225,266580.62
6817850040,932774.06
4447300137,910738.06
8598900125,381155.47
5072410070,494041.8
7129300520,236402.25
3830210020,185718
4137040250,292662.9
3022079080,699789.06
722039087,270081.3
3924500040,697662.06
2473381090,352420.78
2201500490,415026.28
9265410090,215615.06
9286750100,354770.8
2023700040,646614.25
324000280,671240.3
3814800280,368426.16
7697100030,504363.25
8731900790,321233.34
8044700010,606615.25
6123600100,198363.39
1450100390,177997.75
579000550,427079.1
2459000020,306576.2
5016000315,481315.88
1193000190,782161.56
4038700730,525871.1
1556200265,679799.4
6600410170,204472.25
642800130,766475.25
1043000100,374029.66
7809200055,228334.03
7010700308,981977.06
8680500090,573161.4
2719100355,660297.6
7905200147,507439.9
271200130,232711.86
326049103,501142.72
8682211030,401858.12
1070000390,1064123.1
8648700450,608364.3
2695600410,439887
8562710640,864082.94
1525200060,606049.7
1822039138,758173.6
2767601375,527374.3
3425069117,1377140.8
952004570,332082.78
7625702616,282799.94
9818700430,469585.47
2822059091,263520.38
1775900220,349761.6
6371000079,661318.5
293760150,917058.6
1336800880,1368315.9
2771600550,975237
3905040040,500430.62
7787110060,443554.88
7708250040,358344.25
4022901316,484735.72
191100235,991581.5
7852050220,338177.47
3293700480,389712.34
2597450620,1489458.9
6169900580,1535336
2767602855,769186.8
810000080,1011649.9
6392000625,463589.53
1865810290,191278.84
1568100380,328606
5249804760,459019.97
1337801060,893929.75
6181410950,256895.27
9264900660,296700.4
9122001231,574010.3
4427100030,369557.53
7334400070,302700.94
425079001,598872.5
7436500360,466104.44
1245001295,717510.2
1310500550,291660.4
4047200950,261750.55
9103000455,930899.9
2291400341,322486.3
3876100310,398966.28
7131300031,262692.34
7853380510,623125.7
7409700215,659363.8
5248800250,382652.38
126039323,433092.4
6632300207,353448.7
3826501060,258904.44
8024202520,422707.34
3343901401,527670.6
6431000005,578205.7
9232900075,342722.9
3056700150,214403.23
5104511250,451162.03
3658700510,613868.25
2895110062,313404.7
7454000990,258491.2
4038700680,618701.2
7811220070,614448.1
8091670030,360164.9
3438503045,247281.47
6388900710,515119.38
7956300020,177453.67
1775930440,467253.6
1762600190,914247.7
6600400260,221983.64
8728550150,570152
8155500110,622815
9169600135,417738.44
1777600490,663221.5
125059179,600888
7558700030,5287711
1702900624,336822.75
3343901403,580638.7
5101400994,341145.9
5547500050,271385.44
1705400350,362057.62
629810800,886709.25
4104900150,602861.4
7888000390,181995.67
4140900270,378807.28
6649900030,472035.22
820000012,400017.44
6151800080,428996.47
7454001060,278044.84
8682262330,426151.9
1566100010,393183.78
1180500070,401578.84
1112630130,390940.75
3101500090,400197.9
8682310220,730035.75
4032500035,540066.56
1623800440,565592.06
1088400190,243611.45
751000080,402833.5
6675500070,393265.53
2193340140,537444.1
522049074,384950.62
3204500340,254030.95
5104200470,458511.6
7517500611,688588.44
2946002140,238967.03
7631800110,1039925.94
3529300330,326374.5
3885801970,579783.8
5456000570,1212236.4
4123810090,352146.97
4037000635,520369.97
8079030350,469341
1726069060,702877.1
6858700225,237790.12
3356406510,214456.81
5423030040,622465.25
3111300040,454916.1
259800060,471491.25
1972202320,528711.8
5100403818,361733.88
1422700040,237648.42
3625049014,2842943.8
7852011040,574153.75
1201500010,683931.25
7195800009,288826.03
9407001320,269535.03
9508850100,609353.7
1328340380,272222.4
3885804305,891718.5
7128300630,617948.75
7574000080,372031.06
3744000150,463219.2
2607720150,526159.1
7203190110,718465.4
3904902430,690228.2
11501160,775720.3
9209900315,482672.8
9465910030,561560
3622069103,691002.7
3288301010,464403.75
4395600060,841084.56
7694200380,348307.62
9552700550,698594.2
9264921110,262468.22
6738700225,941117.9
293620220,856859.2
7525300310,595529.3
3992700036,434545.78
3577300040,482859.75
3812400202,159897.52
2402100055,645729.94
1853080790,845252.25
1994200260,620828.4
1339300025,864373.9
7616200050,537173.06
4022902555,671056.6
9528102110,627175.6
6613001241,1695778.9
3205400240,351632.16
6065300840,1430634.8
7852040080,554924.5
1920079039,291034.7
2817910030,468612.88
1563102880,763369.8
8561200110,536867.3
629000605,1277795.6
2781270440,240918.69
6152900273,315670.3
3303950130,363982.5
6411600113,356683.16
4055700167,894502
291310310,524417.3
9523100550,841350.1
724069070,864190.06
2408800120,347472.56
7559600200,665530.3
8165500790,361570.75
7856620870,814718.25
1588600040,386337.53
1023059246,486822.3
1938000140,770622.25
6061400160,355447.12
4167300350,246981.2
8649400790,239317.34
173000036,327974.53
225039049,552145.1
8043700300,2297073
3834000400,372946.5
4054530260,1858086.2
8724300010,694059.94
9358002232,373265.66
3298700012,249524.86
1125059071,933588.4
3885805300,503215.94
5315100784,1292823.4
3861400030,792385.06
7202340010,650459.4
7272001805,322620.72
2781250230,326196.5
1042700300,848929.56
123039279,166349.27
3760500336,1417886
6979940100,746529.56
686300880,651717.4
5214500690,452280.78
6021502250,618960.25
1320069223,326614.88
2871000300,746804.44
2724069117,434145.66
1159400220,735958.7
2571900380,272453.06
5528600050,315652.56
7686202730,153886.95
2225059118,789596.25
2558630350,442120.25
3655400060,430483.75
9558200080,299826.16
1796100015,640957.8
3378900020,546994.2
5416500040,304501.84
8856004582,199948.34
3812400107,434042.16
6126601445,524483.3
2997800021,469318.2
1211000280,393926.53
766800090,254512.06
3224079005,276582.1
619000100,347272.47
4319200620,357267.34
626059335,483656.6
3340401570,282180.84
7015200800,686706.94
8106300510,502094.7
1446110020,448121.75
2872900280,652438.1
8965500320,761780.06
7853300070,493373.7
5652601455,680534.3
7579200915,1024561.3
2641400160,360898.97
203900460,407574.6
2998800040,640309
7519000170,568196.8
923000425,795305.1
2973800030,196086.42
6430500182,1046040.1
7304301010,387399.34
3861470110,2064332.6
2296500136,800029.9
6790950150,750324.6
8123100045,552416.9
3142600130,591696.2
7137970130,311882.88
8656800190,403262.1
7135300046,250877.53
3629960680,446246.56
1133000385,714605.2
1085621960,296306.22
9542802000,198727.31
8151600973,556510.1
7019000050,370339.34
6021501920,616534.8
7399300420,231719.73
7548300731,511885.3
5316100220,1090516.1
5152600090,298379.97
1703400470,343242.66
7316400070,304848.78
5561300380,455814.6
2215450100,333051.38
8635750330,670285.94
9492500140,804821.1
5315100393,722482.8
8588000315,216468.88
7524200180,246829.56
4235400255,409826.66
326069131,582023.56
4077800026,923148.3
9477000120,352427.5
5608000590,1037814.6
4137050130,293678.66
5249801440,458620.5
9264901510,260995.53
5437820250,194158.98
200500410,502298.22
9407111100,300791.6
126039252,378306.53
6141100255,430686.6
3013300830,332945.94
3271300955,817753.3
3021059276,265882.94
9542000050,685094.56
2769600035,795704.94
3824100364,505206.2
1726069202,381981.88
7327500270,346968.9
1189000207,422844.03
2472950160,263885
9558040050,527457.8
3438503120,351508.44
9407150240,279774.03
1370804295,669405
5700001100,646230.2
6837820030,407529.5
5411600210,780127.06
5061300030,246718.72
525069133,891727
2121000250,365831.78
3179100720,592903.9
2780700050,419311.8
1545805820,278384.22
5702380630,246517.62
9211010260,564230.1
7129300595,299893.94
6802200100,235895.97
3304030140,385276.03
2623039019,970543.2
104500730,205671.11
2924069132,590857.1
1775500310,609922.3
8114000040,307620
2011400021,393211.53
7525570020,683330.8
2917200615,431466.06
7697000170,294837.06
7871500070,812561.9
7215722010,536458.4
6300000378,487480.16
7159200005,1965611.5
8946410040,389886.7
3893100327,380171.3
635000009,856820.75
2322069116,509615.97
2760200050,327906.97
3432500210,312753.2
5700000245,525496.2
7588700177,352927.62
9178600135,726963.56
9830200475,487122.34
8562780160,332308.97
9826701665,503550.06
7504010900,674868.2
2770606915,494524.5
1254200075,583593.2
2473450430,418326.06
1433290010,442170
7586200061,383532.12
6841700070,575071.1
9826701320,458293.88
8943600720,287488.8
6791900260,778576.7
2301400640,759087.4
7979900210,341663.94
4037200665,396811.75
984000650,296013.9
2937300060,931493.06
8731982190,273377.53
1445200190,283026.3
952003285,753702.5
1402970020,389568.9
2487700274,383836.94
8113101670,404374.66
8682300400,617265.5
809002435,761878.9
4045900147,573251.56
2991000400,277733.47
9456200405,206814.84
5104510370,291944.53
9414610240,480379.47
2111010760,380832.8
1854900430,700641.1
2624300080,859062.6
3645100280,445509.66
1433100010,240431.4
9533600100,1166609.4
6743700030,569126.4
9294300070,642903.4
2114700540,246729.78
7853280550,700892.44
868000175,684461.06
1446401290,218330.05
9109000050,317412.44
8856004327,266158.7
2329800110,265736.4
3031200230,359940.34
7582700075,1833722.9
2422049104,143397.11
9274202885,598544.75
1770000090,445003.94
9500900430,230991.19
7305900082,328056.5
3336000170,359342.5
5680000455,724553.56
9808630210,896644.9
8807810110,451315.66
3824100211,438726.94
3423059153,562087.2
3937900120,455853.72
524059323,815715.7
4305600250,516743.56
1257201375,552864.9
853600150,1131634.6
2424059174,1832777
5205000400,295205.38
2658000115,197860.45
3055800020,295893.1
357000025,532932.75
5666300010,319844.28
4167700210,252434.39
9187200275,718383.2
2960900040,455891.53
1021049022,245671.33
7750500120,214596.14
7153200160,1364588.9
4406000390,250576.02
629800380,1295827.9
2026049125,299562.94
6117502230,2565499.5
3379100130,441974.8
2472920140,450799.03
7214720075,595882.7
1771110070,338175.22
5127001600,293094.16
6666860210,330061.12
5467200055,351575.84
7819000040,387059.6
3790700070,295735.7
6362900138,356259.56
597000593,344236.6
8032700070,672068.56
9301300215,1031662.94
8902500118,358819.6
6607000095,357944.3
2163900081,888575.9
7732500270,647280.56
3856903515,640207.06
2557000400,277441.47
4386700135,1778300.4
7399000360,330850.25